{
  "training": {
    "accuracy": 0.8554621848739495,
    "precision": 0.6388888888888888,
    "recall": 0.23958333333333334,
    "f1_score": 0.34848484848484845,
    "auc": 0.7883344814629258
  },
  "validation": {
    "accuracy": 0.8270676691729323,
    "precision": 0.3333333333333333,
    "recall": 0.09523809523809523,
    "f1_score": 0.14814814814814814,
    "auc": 0.6398809523809523
  },
  "train_validation_combined": {
    "accuracy": 0.8526077097505669,
    "precision": 0.6153846153846154,
    "recall": 0.22535211267605634,
    "f1_score": 0.3298969072164949,
    "auc": 0.7740959269128282
  },
  "test": {
    "accuracy": 0.8367346938775511,
    "precision": 0.0,
    "recall": 0.0,
    "f1_score": 0.0,
    "auc": 0.7223915989159893
  },
  "best_cv_score": 0.496147137895761,
  "cv_results_summary": {
    "mean_score": 0.42598874753100935,
    "std_score": 0.019773129875356704,
    "max_score": 0.496147137895761,
    "min_score": 0.38906679204232036
  },
  "smote": {
    "applied": true,
    "before_balance_ratio": 5.211267605633803,
    "after_balance_ratio": 1.0
  },
  "cross_validation": {
    "folds": {
      "fold_1": {
        "test_f1": 0.39999999999999997,
        "train_f1": 0.7515527950310558
      },
      "fold_2": {
        "test_f1": 0.4666666666666667,
        "train_f1": 0.7743902439024389
      },
      "fold_3": {
        "test_f1": 0.4848484848484849,
        "train_f1": 0.728395061728395
      },
      "fold_4": {
        "test_f1": 0.6875000000000001,
        "train_f1": 0.7318611987381703
      },
      "fold_5": {
        "test_f1": 0.5853658536585366,
        "train_f1": 0.7407407407407406
      },
      "fold_6": {
        "test_f1": 0.5142857142857143,
        "train_f1": 0.7492447129909366
      },
      "fold_7": {
        "test_f1": 0.611111111111111,
        "train_f1": 0.7701492537313432
      },
      "fold_8": {
        "test_f1": 0.3870967741935483,
        "train_f1": 0.7522935779816514
      },
      "fold_9": {
        "test_f1": 0.43749999999999994,
        "train_f1": 0.7584097859327217
      },
      "fold_10": {
        "test_f1": 0.3870967741935483,
        "train_f1": 0.7378048780487804
      }
    },
    "mean_test_f1": 0.496147137895761,
    "std_test_f1": 0.09776814433618426,
    "mean_train_f1": 0.7494842248826235,
    "std_train_f1": 0.014516980279904732
  }
}