{
  "training": {
    "accuracy": 0.9746938775510204,
    "precision": 0.8640350877192983,
    "recall": 1.0,
    "f1_score": 0.9270588235294117,
    "auc": 0.9976446305477098
  },
  "validation": {
    "accuracy": 0.8467153284671532,
    "precision": 0.5294117647058824,
    "recall": 0.4090909090909091,
    "f1_score": 0.46153846153846156,
    "auc": 0.7537549407114624
  },
  "train_validation_combined": {
    "accuracy": 0.9618208516886931,
    "precision": 0.8408163265306122,
    "recall": 0.9406392694063926,
    "f1_score": 0.8879310344827586,
    "auc": 0.9768253854112984
  },
  "test": {
    "accuracy": 0.8355263157894737,
    "precision": 0.4,
    "recall": 0.08333333333333333,
    "f1_score": 0.13793103448275862,
    "auc": 0.5992838541666667
  },
  "best_cv_score": 0.5088027910604924,
  "cv_results_summary": {
    "mean_score": 0.46529118962767446,
    "std_score": 0.01647575180415738,
    "max_score": 0.5088027910604924,
    "min_score": 0.4204780370757383
  }
}