{
  "training": {
    "accuracy": 0.8529411764705882,
    "precision": 0.6,
    "recall": 0.265625,
    "f1_score": 0.3682310469314079,
    "auc": 0.8486660821643287
  },
  "validation": {
    "accuracy": 0.8270676691729323,
    "precision": 0.3333333333333333,
    "recall": 0.09523809523809523,
    "f1_score": 0.14814814814814814,
    "auc": 0.6947278911564625
  },
  "train_validation_combined": {
    "accuracy": 0.8503401360544217,
    "precision": 0.5824175824175825,
    "recall": 0.24882629107981222,
    "f1_score": 0.3486842105263158,
    "auc": 0.8348665566975426
  },
  "test": {
    "accuracy": 0.8163265306122449,
    "precision": 0.42105263157894735,
    "recall": 0.3333333333333333,
    "f1_score": 0.372093023255814,
    "auc": 0.7044376693766939
  },
  "best_cv_score": 0.517857285156107,
  "cv_results_summary": {
    "mean_score": 0.46724297396093806,
    "std_score": 0.027269914766589392,
    "max_score": 0.517857285156107,
    "min_score": 0.38632854007854006
  },
  "smote": {
    "applied": true,
    "before_balance_ratio": 5.211267605633803,
    "after_balance_ratio": 1.0
  },
  "cross_validation": {
    "folds": {
      "fold_1": {
        "test_f1": 0.3636363636363636,
        "train_f1": 0.8294117647058823
      },
      "fold_2": {
        "test_f1": 0.5454545454545455,
        "train_f1": 0.8430232558139535
      },
      "fold_3": {
        "test_f1": 0.4571428571428572,
        "train_f1": 0.8396501457725947
      },
      "fold_4": {
        "test_f1": 0.7368421052631577,
        "train_f1": 0.8588235294117647
      },
      "fold_5": {
        "test_f1": 0.6666666666666666,
        "train_f1": 0.8405797101449276
      },
      "fold_6": {
        "test_f1": 0.5161290322580645,
        "train_f1": 0.8362573099415204
      },
      "fold_7": {
        "test_f1": 0.7058823529411765,
        "train_f1": 0.8421052631578947
      },
      "fold_8": {
        "test_f1": 0.3448275862068965,
        "train_f1": 0.835294117647059
      },
      "fold_9": {
        "test_f1": 0.4848484848484849,
        "train_f1": 0.8629737609329446
      },
      "fold_10": {
        "test_f1": 0.35714285714285715,
        "train_f1": 0.8488372093023255
      }
    },
    "mean_test_f1": 0.517857285156107,
    "std_test_f1": 0.13803801092587356,
    "mean_train_f1": 0.8436956066830866,
    "std_train_f1": 0.00992942388239289
  }
}