{
    "auc": {
        "point_estimate": 0.8623046875,
        "ci_lower": 0.7978700917381829,
        "ci_upper": 0.9191645936981758
    },
    "accuracy": {
        "point_estimate": 0.8355263157894737,
        "ci_lower": 0.7763157894736842,
        "ci_upper": 0.8947368421052632
    },
    "precision": {
        "point_estimate": 0.48484848484848486,
        "ci_lower": 0.30434782608695654,
        "ci_upper": 0.6571616541353383
    },
    "recall": {
        "point_estimate": 0.6666666666666666,
        "ci_lower": 0.4704306722689077,
        "ci_upper": 0.8636363636363636
    },
    "f1_score": {
        "point_estimate": 0.5614035087719298,
        "ci_lower": 0.3829787234042553,
        "ci_upper": 0.7076923076923076
    },
    "fairness_metrics": {
        "demographic_parity_difference_gender": 0.1377840909090909,
        "equalized_odds_difference_gender": 0.15465465465465464,
        "demographic_parity_difference_age_binned": 0.5517241379310345,
        "equalized_odds_difference_age_binned": 1.0
    }
}