{
    "auc": {
        "point_estimate": 0.6570121951219512,
        "ci_lower": 0.5301508319415739,
        "ci_upper": 0.7884470449587033
    },
    "accuracy": {
        "point_estimate": 0.8231292517006803,
        "ci_lower": 0.7617346938775511,
        "ci_upper": 0.8843537414965986
    },
    "precision": {
        "point_estimate": 0.375,
        "ci_lower": 0.0,
        "ci_upper": 0.75
    },
    "recall": {
        "point_estimate": 0.125,
        "ci_lower": 0.0,
        "ci_upper": 0.28
    },
    "f1_score": {
        "point_estimate": 0.1875,
        "ci_lower": 0.0,
        "ci_upper": 0.3846153846153846
    },
    "fairness_metrics": {
        "demographic_parity_difference_gender": 0.0174573055028463,
        "equalized_odds_difference_gender": 0.2,
        "demographic_parity_difference_age_binned": 0.2,
        "equalized_odds_difference_age_binned": 0.2857142857142857
    }
}