{
    "Accuracy": 0.9693877551020408,
    "Precision (Weighted)": 0.9692073830629411,
    "Recall (Weighted)": 0.9693877551020408,
    "F1 Score (Weighted)": 0.9685681842933745,
    "ROC AUC": 0.9642359720896171,
    "Confusion Matrix": [
        [
            1225,
            8
        ],
        [
            37,
            200
        ]
    ],
    "Classification Report": {
        "0": {
            "precision": 0.9706814580031695,
            "recall": 0.9935117599351176,
            "f1-score": 0.9819639278557114,
            "support": 1233.0
        },
        "1": {
            "precision": 0.9615384615384616,
            "recall": 0.8438818565400844,
            "f1-score": 0.8988764044943821,
            "support": 237.0
        },
        "accuracy": 0.9693877551020408,
        "macro avg": {
            "precision": 0.9661099597708156,
            "recall": 0.918696808237601,
            "f1-score": 0.9404201661750468,
            "support": 1470.0
        },
        "weighted avg": {
            "precision": 0.9692073830629411,
            "recall": 0.9693877551020408,
            "f1-score": 0.9685681842933745,
            "support": 1470.0
        }
    },
    "F1 Score": 0.9685681842933745
}