{
  "training": {
    "accuracy": 0.8538775510204082,
    "precision": 0.7142857142857143,
    "recall": 0.15228426395939088,
    "f1_score": 0.25104602510460255,
    "auc": 0.8148837622706353
  },
  "validation": {
    "accuracy": 0.8394160583941606,
    "precision": 0.5,
    "recall": 0.09090909090909091,
    "f1_score": 0.15384615384615385,
    "auc": 0.7735177865612649
  },
  "train_validation_combined": {
    "accuracy": 0.8524229074889867,
    "precision": 0.6956521739130435,
    "recall": 0.1461187214611872,
    "f1_score": 0.24150943396226415,
    "auc": 0.8102965439822305
  },
  "test": {
    "accuracy": 0.8092105263157895,
    "precision": 0.4,
    "recall": 0.4166666666666667,
    "f1_score": 0.4081632653061225,
    "auc": 0.7138671875
  },
  "best_cv_score": 0.40874460768787796,
  "cv_results_summary": {
    "mean_score": 0.3932526936810208,
    "std_score": 0.012109118603445494,
    "max_score": 0.40874460768787796,
    "min_score": 0.37412897349027363
  },
  "smote": {
    "applied": true,
    "before_balance_ratio": 5.219178082191781,
    "after_balance_ratio": 1.0
  },
  "cross_validation": {
    "folds": {
      "fold_1": {
        "test_f1": 0.2962962962962963,
        "train_f1": 0.8764044943820226
      },
      "fold_2": {
        "test_f1": 0.4848484848484849,
        "train_f1": 0.8833333333333333
      },
      "fold_3": {
        "test_f1": 0.5161290322580645,
        "train_f1": 0.8651685393258427
      },
      "fold_4": {
        "test_f1": 0.3243243243243243,
        "train_f1": 0.899441340782123
      },
      "fold_5": {
        "test_f1": 0.27586206896551724,
        "train_f1": 0.8857938718662952
      },
      "fold_6": {
        "test_f1": 0.27586206896551724,
        "train_f1": 0.8619718309859155
      },
      "fold_7": {
        "test_f1": 0.3870967741935484,
        "train_f1": 0.8472622478386168
      },
      "fold_8": {
        "test_f1": 0.5405405405405405,
        "train_f1": 0.8802228412256268
      },
      "fold_9": {
        "test_f1": 0.4864864864864865,
        "train_f1": 0.8595505617977528
      },
      "fold_10": {
        "test_f1": 0.5000000000000001,
        "train_f1": 0.8732394366197184
      }
    },
    "mean_test_f1": 0.40874460768787796,
    "std_test_f1": 0.10228406664208539,
    "mean_train_f1": 0.8732388498157247,
    "std_train_f1": 0.014349647573213217
  }
}