{
  "training": {
    "accuracy": 0.8146938775510204,
    "precision": 0.4601063829787234,
    "recall": 0.8781725888324873,
    "f1_score": 0.6038394415357766,
    "auc": 0.9233739556380731
  },
  "validation": {
    "accuracy": 0.7591240875912408,
    "precision": 0.36585365853658536,
    "recall": 0.6818181818181818,
    "f1_score": 0.47619047619047616,
    "auc": 0.8019762845849803
  },
  "train_validation_combined": {
    "accuracy": 0.8091042584434655,
    "precision": 0.45083932853717024,
    "recall": 0.8584474885844748,
    "f1_score": 0.5911949685534591,
    "auc": 0.911933668108838
  },
  "test": {
    "accuracy": 0.7828947368421053,
    "precision": 0.38461538461538464,
    "recall": 0.625,
    "f1_score": 0.4761904761904762,
    "auc": 0.8261718749999999
  },
  "best_cv_score": 0.49261688837314443,
  "cv_results_summary": {
    "mean_score": 0.44187137854525216,
    "std_score": 0.020380947321869933,
    "max_score": 0.49261688837314443,
    "min_score": 0.3903365065526091
  }
}