{
  "training": {
    "accuracy": 0.8588235294117647,
    "precision": 0.5923076923076923,
    "recall": 0.4010416666666667,
    "f1_score": 0.47826086956521746,
    "auc": 0.793185328991316
  },
  "validation": {
    "accuracy": 0.8195488721804511,
    "precision": 0.36363636363636365,
    "recall": 0.19047619047619047,
    "f1_score": 0.25,
    "auc": 0.6413690476190476
  },
  "train_validation_combined": {
    "accuracy": 0.854875283446712,
    "precision": 0.574468085106383,
    "recall": 0.38028169014084506,
    "f1_score": 0.45762711864406785,
    "auc": 0.778350886097365
  },
  "test": {
    "accuracy": 0.8367346938775511,
    "precision": 0.5,
    "recall": 0.08333333333333333,
    "f1_score": 0.14285714285714285,
    "auc": 0.7052845528455285
  },
  "best_cv_score": 0.49764321647247123,
  "cv_results_summary": {
    "mean_score": 0.42648499134356016,
    "std_score": 0.021554415120104285,
    "max_score": 0.49764321647247123,
    "min_score": 0.3897047822152513
  },
  "smote": {
    "applied": true,
    "before_balance_ratio": 5.211267605633803,
    "after_balance_ratio": 1.0
  },
  "cross_validation": {
    "folds": {
      "fold_1": {
        "test_f1": 0.37499999999999994,
        "train_f1": 0.632996632996633
      },
      "fold_2": {
        "test_f1": 0.5333333333333333,
        "train_f1": 0.6266666666666666
      },
      "fold_3": {
        "test_f1": 0.3870967741935484,
        "train_f1": 0.6378737541528239
      },
      "fold_4": {
        "test_f1": 0.6451612903225806,
        "train_f1": 0.5830508474576271
      },
      "fold_5": {
        "test_f1": 0.6486486486486486,
        "train_f1": 0.6169491525423729
      },
      "fold_6": {
        "test_f1": 0.5,
        "train_f1": 0.6179401993355481
      },
      "fold_7": {
        "test_f1": 0.6285714285714286,
        "train_f1": 0.6336633663366337
      },
      "fold_8": {
        "test_f1": 0.4137931034482759,
        "train_f1": 0.6148648648648648
      },
      "fold_9": {
        "test_f1": 0.5,
        "train_f1": 0.632996632996633
      },
      "fold_10": {
        "test_f1": 0.3448275862068965,
        "train_f1": 0.6174496644295302
      }
    },
    "mean_test_f1": 0.49764321647247123,
    "std_test_f1": 0.10983471465625022,
    "mean_train_f1": 0.6214451781779333,
    "std_train_f1": 0.015097042085826969
  }
}