{
  "training": {
    "accuracy": 0.8726530612244898,
    "precision": 0.847457627118644,
    "recall": 0.25380710659898476,
    "f1_score": 0.39062499999999994,
    "auc": 0.8701312488889767
  },
  "validation": {
    "accuracy": 0.8613138686131386,
    "precision": 0.8,
    "recall": 0.18181818181818182,
    "f1_score": 0.2962962962962963,
    "auc": 0.7928853754940711
  },
  "train_validation_combined": {
    "accuracy": 0.8715124816446402,
    "precision": 0.84375,
    "recall": 0.2465753424657534,
    "f1_score": 0.38162544169611307,
    "auc": 0.8621328155898319
  },
  "test": {
    "accuracy": 0.8421052631578947,
    "precision": 0.0,
    "recall": 0.0,
    "f1_score": 0.0,
    "auc": 0.81787109375
  },
  "best_cv_score": 0.42872706377150605,
  "cv_results_summary": {
    "mean_score": 0.40208668801174274,
    "std_score": 0.02362989812807351,
    "max_score": 0.42872706377150605,
    "min_score": 0.3569055884953451
  },
  "smote": {
    "applied": true,
    "before_balance_ratio": 5.219178082191781,
    "after_balance_ratio": 1.0
  },
  "cross_validation": {
    "folds": {
      "fold_1": {
        "test_f1": 0.3333333333333333,
        "train_f1": 0.8760330578512396
      },
      "fold_2": {
        "test_f1": 0.47368421052631576,
        "train_f1": 0.8839779005524863
      },
      "fold_3": {
        "test_f1": 0.47058823529411764,
        "train_f1": 0.8729281767955802
      },
      "fold_4": {
        "test_f1": 0.3333333333333333,
        "train_f1": 0.9041095890410958
      },
      "fold_5": {
        "test_f1": 0.4242424242424242,
        "train_f1": 0.8683473389355741
      },
      "fold_6": {
        "test_f1": 0.3225806451612903,
        "train_f1": 0.886426592797784
      },
      "fold_7": {
        "test_f1": 0.43243243243243246,
        "train_f1": 0.894308943089431
      },
      "fold_8": {
        "test_f1": 0.5789473684210527,
        "train_f1": 0.8788732394366198
      },
      "fold_9": {
        "test_f1": 0.47368421052631576,
        "train_f1": 0.87292817679558
      },
      "fold_10": {
        "test_f1": 0.4444444444444444,
        "train_f1": 0.8839779005524863
      }
    },
    "mean_test_f1": 0.42872706377150605,
    "std_test_f1": 0.07622903337990651,
    "mean_train_f1": 0.8821910915847877,
    "std_train_f1": 0.010313922093304896
  }
}