{
    "auc": {
        "point_estimate": 0.8619791666666667,
        "ci_lower": 0.7854947839771982,
        "ci_upper": 0.9269232283464567
    },
    "accuracy": {
        "point_estimate": 0.8486842105263158,
        "ci_lower": 0.7894736842105263,
        "ci_upper": 0.9013157894736842
    },
    "precision": {
        "point_estimate": 0.5185185185185185,
        "ci_lower": 0.3333333333333333,
        "ci_upper": 0.708366935483871
    },
    "recall": {
        "point_estimate": 0.5833333333333334,
        "ci_lower": 0.3792025862068966,
        "ci_upper": 0.782608695652174
    },
    "f1_score": {
        "point_estimate": 0.5490196078431373,
        "ci_lower": 0.37204995693367787,
        "ci_upper": 0.7000438596491229
    },
    "fairness_metrics": {
        "demographic_parity_difference_gender": 0.04403409090909091,
        "equalized_odds_difference_gender": 0.04854854854854854,
        "demographic_parity_difference_age_binned": 0.42928039702233256,
        "equalized_odds_difference_age_binned": 0.8
    }
}