{
  "training": {
    "accuracy": 0.8798319327731092,
    "precision": 0.8356164383561644,
    "recall": 0.3177083333333333,
    "f1_score": 0.460377358490566,
    "auc": 0.8913973780895124
  },
  "validation": {
    "accuracy": 0.8571428571428571,
    "precision": 0.75,
    "recall": 0.14285714285714285,
    "f1_score": 0.24,
    "auc": 0.677295918367347
  },
  "train_validation_combined": {
    "accuracy": 0.8775510204081632,
    "precision": 0.8311688311688312,
    "recall": 0.3004694835680751,
    "f1_score": 0.4413793103448276,
    "auc": 0.8706974580214015
  },
  "test": {
    "accuracy": 0.8503401360544217,
    "precision": 0.75,
    "recall": 0.125,
    "f1_score": 0.21428571428571427,
    "auc": 0.7251016260162602
  },
  "best_cv_score": 0.4889021547558133,
  "cv_results_summary": {
    "mean_score": 0.4349111069181707,
    "std_score": 0.021565550293734755,
    "max_score": 0.4889021547558133,
    "min_score": 0.3446953947966874
  },
  "smote": {
    "applied": true,
    "before_balance_ratio": 5.211267605633803,
    "after_balance_ratio": 1.0
  },
  "cross_validation": {
    "folds": {
      "fold_1": {
        "test_f1": 0.48484848484848486,
        "train_f1": 0.8148148148148149
      },
      "fold_2": {
        "test_f1": 0.5538461538461539,
        "train_f1": 0.777027027027027
      },
      "fold_3": {
        "test_f1": 0.5365853658536586,
        "train_f1": 0.8250825082508252
      },
      "fold_4": {
        "test_f1": 0.5,
        "train_f1": 0.8133333333333334
      },
      "fold_5": {
        "test_f1": 0.3692307692307692,
        "train_f1": 0.8316831683168316
      }
    },
    "mean_test_f1": 0.4889021547558133,
    "std_test_f1": 0.0647336798903215,
    "mean_train_f1": 0.8123881703485665,
    "std_train_f1": 0.01892424664187129
  }
}