{
  "training": {
    "accuracy": 0.8840336134453781,
    "precision": 0.875,
    "recall": 0.328125,
    "f1_score": 0.4772727272727273,
    "auc": 0.893659715263861
  },
  "validation": {
    "accuracy": 0.8421052631578947,
    "precision": 0.5,
    "recall": 0.14285714285714285,
    "f1_score": 0.22222222222222224,
    "auc": 0.6568877551020408
  },
  "train_validation_combined": {
    "accuracy": 0.8798185941043084,
    "precision": 0.8461538461538461,
    "recall": 0.30985915492957744,
    "f1_score": 0.45360824742268047,
    "auc": 0.8720424650002114
  },
  "test": {
    "accuracy": 0.8367346938775511,
    "precision": 0.0,
    "recall": 0.0,
    "f1_score": 0.0,
    "auc": 0.6807249322493224
  },
  "best_cv_score": 0.5223881281050065,
  "cv_results_summary": {
    "mean_score": 0.4647592474075873,
    "std_score": 0.026888770409004968,
    "max_score": 0.5223881281050065,
    "min_score": 0.36642619242619234
  },
  "smote": {
    "applied": true,
    "before_balance_ratio": 5.211267605633803,
    "after_balance_ratio": 1.0
  },
  "cross_validation": {
    "folds": {
      "fold_1": {
        "test_f1": 0.4242424242424242,
        "train_f1": 0.96514745308311
      },
      "fold_2": {
        "test_f1": 0.5555555555555556,
        "train_f1": 0.9703504043126685
      },
      "fold_3": {
        "test_f1": 0.4242424242424242,
        "train_f1": 0.9841269841269842
      },
      "fold_4": {
        "test_f1": 0.6315789473684211,
        "train_f1": 0.9814323607427056
      },
      "fold_5": {
        "test_f1": 0.6666666666666666,
        "train_f1": 0.9679144385026738
      },
      "fold_6": {
        "test_f1": 0.5454545454545454,
        "train_f1": 0.9705093833780161
      },
      "fold_7": {
        "test_f1": 0.7222222222222222,
        "train_f1": 0.9651474530831098
      },
      "fold_8": {
        "test_f1": 0.3448275862068965,
        "train_f1": 0.976
      },
      "fold_9": {
        "test_f1": 0.4848484848484849,
        "train_f1": 0.959349593495935
      },
      "fold_10": {
        "test_f1": 0.4242424242424242,
        "train_f1": 0.9649595687331537
      }
    },
    "mean_test_f1": 0.5223881281050065,
    "std_test_f1": 0.11667880833322107,
    "mean_train_f1": 0.9704937639458355,
    "std_train_f1": 0.007446447978193923
  }
}