{
  "training": {
    "accuracy": 0.9042016806722689,
    "precision": 0.6466165413533834,
    "recall": 0.8958333333333334,
    "f1_score": 0.7510917030567685,
    "auc": 0.964314044756179
  },
  "validation": {
    "accuracy": 0.7368421052631579,
    "precision": 0.28125,
    "recall": 0.42857142857142855,
    "f1_score": 0.3396226415094339,
    "auc": 0.6624149659863945
  },
  "train_validation_combined": {
    "accuracy": 0.8873771730914588,
    "precision": 0.6073825503355704,
    "recall": 0.8497652582159625,
    "f1_score": 0.7084148727984345,
    "auc": 0.9361713826502559
  },
  "test": {
    "accuracy": 0.8367346938775511,
    "precision": 0.5,
    "recall": 0.20833333333333334,
    "f1_score": 0.29411764705882354,
    "auc": 0.6963075880758807
  },
  "best_cv_score": 0.5433215533978598,
  "cv_results_summary": {
    "mean_score": 0.5061540703656454,
    "std_score": 0.020800759441591824,
    "max_score": 0.5433215533978598,
    "min_score": 0.4667593663888706
  }
}