{
    "auc": {
        "point_estimate": 0.85546875,
        "ci_lower": 0.7901087414493904,
        "ci_upper": 0.9121619812473717
    },
    "accuracy": {
        "point_estimate": 0.8355263157894737,
        "ci_lower": 0.7697368421052632,
        "ci_upper": 0.8947368421052632
    },
    "precision": {
        "point_estimate": 0.4444444444444444,
        "ci_lower": 0.1111111111111111,
        "ci_upper": 0.8
    },
    "recall": {
        "point_estimate": 0.16666666666666666,
        "ci_lower": 0.037037037037037035,
        "ci_upper": 0.3333333333333333
    },
    "f1_score": {
        "point_estimate": 0.24242424242424243,
        "ci_lower": 0.0625,
        "ci_upper": 0.42435064935064926
    },
    "fairness_metrics": {
        "demographic_parity_difference_gender": 0.005681818181818184,
        "equalized_odds_difference_gender": 0.05714285714285716,
        "demographic_parity_difference_age_binned": 0.11960132890365448,
        "equalized_odds_difference_age_binned": 0.3
    }
}