{
  "training": {
    "accuracy": 0.9224489795918367,
    "precision": 0.9722222222222222,
    "recall": 0.5329949238578681,
    "f1_score": 0.6885245901639345,
    "auc": 0.9663582136720061
  },
  "validation": {
    "accuracy": 0.8613138686131386,
    "precision": 0.7142857142857143,
    "recall": 0.22727272727272727,
    "f1_score": 0.3448275862068965,
    "auc": 0.7928853754940711
  },
  "train_validation_combined": {
    "accuracy": 0.9162995594713657,
    "precision": 0.9565217391304348,
    "recall": 0.502283105022831,
    "f1_score": 0.658682634730539,
    "auc": 0.9502390968252257
  },
  "test": {
    "accuracy": 0.8421052631578947,
    "precision": 0.0,
    "recall": 0.0,
    "f1_score": 0.0,
    "auc": 0.7242838541666667
  },
  "best_cv_score": 0.43337912933346184,
  "cv_results_summary": {
    "mean_score": 0.3990559858626458,
    "std_score": 0.02162962437225616,
    "max_score": 0.43337912933346184,
    "min_score": 0.3606679894179894
  },
  "smote": {
    "applied": true,
    "before_balance_ratio": 5.219178082191781,
    "after_balance_ratio": 1.0
  },
  "cross_validation": {
    "folds": {
      "fold_1": {
        "test_f1": 0.5161290322580644,
        "train_f1": 1.0
      },
      "fold_2": {
        "test_f1": 0.4848484848484849,
        "train_f1": 1.0
      },
      "fold_3": {
        "test_f1": 0.35294117647058826,
        "train_f1": 1.0
      },
      "fold_4": {
        "test_f1": 0.2926829268292683,
        "train_f1": 1.0
      },
      "fold_5": {
        "test_f1": 0.3333333333333333,
        "train_f1": 1.0
      },
      "fold_6": {
        "test_f1": 0.3225806451612903,
        "train_f1": 1.0
      },
      "fold_7": {
        "test_f1": 0.43243243243243246,
        "train_f1": 1.0
      },
      "fold_8": {
        "test_f1": 0.6153846153846153,
        "train_f1": 1.0
      },
      "fold_9": {
        "test_f1": 0.5263157894736842,
        "train_f1": 1.0
      },
      "fold_10": {
        "test_f1": 0.4571428571428572,
        "train_f1": 1.0
      }
    },
    "mean_test_f1": 0.43337912933346184,
    "std_test_f1": 0.10018813442136819,
    "mean_train_f1": 1.0,
    "std_train_f1": 0.0
  }
}