{
  "training": {
    "accuracy": 0.8595918367346939,
    "precision": 0.6436781609195402,
    "recall": 0.28426395939086296,
    "f1_score": 0.39436619718309857,
    "auc": 0.7617891919650793
  },
  "validation": {
    "accuracy": 0.8540145985401459,
    "precision": 0.6666666666666666,
    "recall": 0.18181818181818182,
    "f1_score": 0.28571428571428575,
    "auc": 0.7162055335968379
  },
  "train_validation_combined": {
    "accuracy": 0.8590308370044053,
    "precision": 0.6451612903225806,
    "recall": 0.273972602739726,
    "f1_score": 0.3846153846153846,
    "auc": 0.7573037388591266
  },
  "test": {
    "accuracy": 0.8092105263157895,
    "precision": 0.41935483870967744,
    "recall": 0.5416666666666666,
    "f1_score": 0.4727272727272728,
    "auc": 0.7776692708333333
  },
  "best_cv_score": 0.4315542391045487,
  "cv_results_summary": {
    "mean_score": 0.40075010689587903,
    "std_score": 0.020884072137335438,
    "max_score": 0.4315542391045487,
    "min_score": 0.3526469077929034
  },
  "smote": {
    "applied": true,
    "before_balance_ratio": 5.219178082191781,
    "after_balance_ratio": 1.0
  },
  "cross_validation": {
    "folds": {
      "fold_1": {
        "test_f1": 0.35714285714285715,
        "train_f1": 0.9845360824742267
      },
      "fold_2": {
        "test_f1": 0.4571428571428572,
        "train_f1": 0.9846153846153846
      },
      "fold_3": {
        "test_f1": 0.5294117647058824,
        "train_f1": 0.9872773536895675
      },
      "fold_4": {
        "test_f1": 0.3333333333333333,
        "train_f1": 0.9819121447028424
      },
      "fold_5": {
        "test_f1": 0.28571428571428575,
        "train_f1": 0.9897435897435898
      },
      "fold_6": {
        "test_f1": 0.4375,
        "train_f1": 0.9767441860465116
      },
      "fold_7": {
        "test_f1": 0.4117647058823529,
        "train_f1": 0.9846153846153846
      },
      "fold_8": {
        "test_f1": 0.5128205128205129,
        "train_f1": 0.9845360824742267
      },
      "fold_9": {
        "test_f1": 0.5789473684210527,
        "train_f1": 0.9793814432989691
      },
      "fold_10": {
        "test_f1": 0.4117647058823529,
        "train_f1": 0.9793814432989691
      }
    },
    "mean_test_f1": 0.4315542391045487,
    "std_test_f1": 0.08708163407233883,
    "mean_train_f1": 0.9832743094959673,
    "std_train_f1": 0.0037344862622801034
  }
}