{
  "training": {
    "accuracy": 0.8352941176470589,
    "precision": 0.4924812030075188,
    "recall": 0.6822916666666666,
    "f1_score": 0.5720524017467248,
    "auc": 0.8531829283567134
  },
  "validation": {
    "accuracy": 0.7819548872180451,
    "precision": 0.3333333333333333,
    "recall": 0.38095238095238093,
    "f1_score": 0.35555555555555557,
    "auc": 0.6704931972789115
  },
  "train_validation_combined": {
    "accuracy": 0.8299319727891157,
    "precision": 0.4793103448275862,
    "recall": 0.6525821596244131,
    "f1_score": 0.5526838966202784,
    "auc": 0.8359239521211352
  },
  "test": {
    "accuracy": 0.8367346938775511,
    "precision": 0.0,
    "recall": 0.0,
    "f1_score": 0.0,
    "auc": 0.6920731707317074
  },
  "best_cv_score": 0.5452114156040301,
  "cv_results_summary": {
    "mean_score": 0.4969730753758107,
    "std_score": 0.033491490540243,
    "max_score": 0.5452114156040301,
    "min_score": 0.34272817045442566
  }
}