{
    "auc": {
        "point_estimate": 0.8056640625,
        "ci_lower": 0.7244161220043572,
        "ci_upper": 0.8768121129326047
    },
    "accuracy": {
        "point_estimate": 0.8355263157894737,
        "ci_lower": 0.7763157894736842,
        "ci_upper": 0.8947368421052632
    },
    "precision": {
        "point_estimate": 0.42857142857142855,
        "ci_lower": 0.0,
        "ci_upper": 0.8333333333333334
    },
    "recall": {
        "point_estimate": 0.125,
        "ci_lower": 0.0,
        "ci_upper": 0.2727272727272727
    },
    "f1_score": {
        "point_estimate": 0.19354838709677416,
        "ci_lower": 0.0,
        "ci_upper": 0.38110599078340995
    },
    "fairness_metrics": {
        "demographic_parity_difference_gender": 0.02840909090909091,
        "equalized_odds_difference_gender": 0.1285714285714286,
        "demographic_parity_difference_age_binned": 0.14285714285714285,
        "equalized_odds_difference_age_binned": 0.2
    }
}