{
    "auc": {
        "point_estimate": 0.7461043360433605,
        "ci_lower": 0.6381338649387901,
        "ci_upper": 0.8455876430842041
    },
    "accuracy": {
        "point_estimate": 0.8435374149659864,
        "ci_lower": 0.7889455782312926,
        "ci_upper": 0.8979591836734694
    },
    "precision": {
        "point_estimate": 0.5555555555555556,
        "ci_lower": 0.2222222222222222,
        "ci_upper": 0.8888888888888888
    },
    "recall": {
        "point_estimate": 0.20833333333333334,
        "ci_lower": 0.0625,
        "ci_upper": 0.39134316770186334
    },
    "f1_score": {
        "point_estimate": 0.30303030303030304,
        "ci_lower": 0.0998809523809525,
        "ci_upper": 0.5
    },
    "fairness_metrics": {
        "demographic_parity_difference_gender": 0.033586337760910814,
        "equalized_odds_difference_gender": 0.15555555555555556,
        "demographic_parity_difference_age_binned": 0.23333333333333334,
        "equalized_odds_difference_age_binned": 0.42857142857142855
    }
}