{
    "auc": {
        "point_estimate": 0.9104817708333334,
        "ci_lower": 0.8581020486717529,
        "ci_upper": 0.9507939002573039
    },
    "accuracy": {
        "point_estimate": 0.8552631578947368,
        "ci_lower": 0.7960526315789473,
        "ci_upper": 0.9078947368421053
    },
    "precision": {
        "point_estimate": 0.525,
        "ci_lower": 0.3695652173913043,
        "ci_upper": 0.6756756756756757
    },
    "recall": {
        "point_estimate": 0.875,
        "ci_lower": 0.7331818181818183,
        "ci_upper": 1.0
    },
    "f1_score": {
        "point_estimate": 0.6562500000000001,
        "ci_lower": 0.508262711864407,
        "ci_upper": 0.7765032679738562
    },
    "fairness_metrics": {
        "demographic_parity_difference_gender": 0.08522727272727273,
        "equalized_odds_difference_gender": 0.09559559559559558,
        "demographic_parity_difference_age_binned": 0.49290060851926976,
        "equalized_odds_difference_age_binned": 0.5
    }
}