{
  "training": {
    "accuracy": 0.8697478991596639,
    "precision": 0.7761194029850746,
    "recall": 0.2708333333333333,
    "f1_score": 0.4015444015444015,
    "auc": 0.8149449941549765
  },
  "validation": {
    "accuracy": 0.8421052631578947,
    "precision": 0.5,
    "recall": 0.09523809523809523,
    "f1_score": 0.16,
    "auc": 0.6360544217687076
  },
  "train_validation_combined": {
    "accuracy": 0.8669690098261527,
    "precision": 0.7605633802816901,
    "recall": 0.2535211267605634,
    "f1_score": 0.38028169014084506,
    "auc": 0.7973078712515332
  },
  "test": {
    "accuracy": 0.8163265306122449,
    "precision": 0.4117647058823529,
    "recall": 0.2916666666666667,
    "f1_score": 0.34146341463414637,
    "auc": 0.7215447154471545
  },
  "best_cv_score": 0.47875302457933666,
  "cv_results_summary": {
    "mean_score": 0.41215528034413373,
    "std_score": 0.03578214706555456,
    "max_score": 0.47875302457933666,
    "min_score": 0.2449822174414435
  },
  "smote": {
    "applied": true,
    "before_balance_ratio": 5.211267605633803,
    "after_balance_ratio": 1.0
  }
}