{
    "auc": {
        "point_estimate": 0.7584688346883468,
        "ci_lower": 0.6466791221908817,
        "ci_upper": 0.8664490505293027
    },
    "accuracy": {
        "point_estimate": 0.8299319727891157,
        "ci_lower": 0.7755102040816326,
        "ci_upper": 0.891156462585034
    },
    "precision": {
        "point_estimate": 0.46153846153846156,
        "ci_lower": 0.2,
        "ci_upper": 0.7272727272727273
    },
    "recall": {
        "point_estimate": 0.25,
        "ci_lower": 0.09523809523809523,
        "ci_upper": 0.4333695652173913
    },
    "f1_score": {
        "point_estimate": 0.32432432432432434,
        "ci_lower": 0.13333333333333333,
        "ci_upper": 0.5002659574468084
    },
    "fairness_metrics": {
        "demographic_parity_difference_gender": 0.014421252371916507,
        "equalized_odds_difference_gender": 0.2222222222222222,
        "demographic_parity_difference_age_binned": 0.3,
        "equalized_odds_difference_age_binned": 0.42857142857142855
    }
}