{
    "auc": {
        "point_estimate": 0.70409891598916,
        "ci_lower": 0.5952357149063523,
        "ci_upper": 0.8099990922294844
    },
    "accuracy": {
        "point_estimate": 0.7755102040816326,
        "ci_lower": 0.7074829931972789,
        "ci_upper": 0.8435374149659864
    },
    "precision": {
        "point_estimate": 0.36363636363636365,
        "ci_lower": 0.2050000000000001,
        "ci_upper": 0.53573606271777
    },
    "recall": {
        "point_estimate": 0.5,
        "ci_lower": 0.3,
        "ci_upper": 0.7083333333333334
    },
    "f1_score": {
        "point_estimate": 0.4210526315789474,
        "ci_lower": 0.2545454545454545,
        "ci_upper": 0.5763571604028493
    },
    "fairness_metrics": {
        "demographic_parity_difference_gender": 0.14174573055028464,
        "equalized_odds_difference_gender": 0.1641509433962264,
        "demographic_parity_difference_age_binned": 0.5111111111111111,
        "equalized_odds_difference_age_binned": 0.5217391304347826
    }
}