{
    "auc": {
        "point_estimate": 0.7212059620596206,
        "ci_lower": 0.6102685950413224,
        "ci_upper": 0.8376444209537233
    },
    "accuracy": {
        "point_estimate": 0.7891156462585034,
        "ci_lower": 0.7210884353741497,
        "ci_upper": 0.8505102040816325
    },
    "precision": {
        "point_estimate": 0.3939393939393939,
        "ci_lower": 0.22853896103896107,
        "ci_upper": 0.5600625
    },
    "recall": {
        "point_estimate": 0.5416666666666666,
        "ci_lower": 0.3474637681159424,
        "ci_upper": 0.75
    },
    "f1_score": {
        "point_estimate": 0.45614035087719296,
        "ci_lower": 0.28068421052631587,
        "ci_upper": 0.6060876623376622
    },
    "fairness_metrics": {
        "demographic_parity_difference_gender": 0.03017077798861481,
        "equalized_odds_difference_gender": 0.15555555555555556,
        "demographic_parity_difference_age_binned": 0.47777777777777775,
        "equalized_odds_difference_age_binned": 0.5238095238095237
    }
}