{
    "auc": {
        "point_estimate": 0.7110433604336043,
        "ci_lower": 0.5887660619803478,
        "ci_upper": 0.8321510188928306
    },
    "accuracy": {
        "point_estimate": 0.8435374149659864,
        "ci_lower": 0.782312925170068,
        "ci_upper": 0.8981292517006801
    },
    "precision": {
        "point_estimate": 0.5714285714285714,
        "ci_lower": 0.16666666666666666,
        "ci_upper": 1.0
    },
    "recall": {
        "point_estimate": 0.16666666666666666,
        "ci_lower": 0.0399615384615385,
        "ci_upper": 0.34486074270557027
    },
    "f1_score": {
        "point_estimate": 0.25806451612903225,
        "ci_lower": 0.06666666666666667,
        "ci_upper": 0.4546103896103895
    },
    "fairness_metrics": {
        "demographic_parity_difference_gender": 0.026565464895635674,
        "equalized_odds_difference_gender": 0.26666666666666666,
        "demographic_parity_difference_age_binned": 0.2,
        "equalized_odds_difference_age_binned": 0.42857142857142855
    }
}