{
  "training": {
    "accuracy": 0.8554621848739495,
    "precision": 0.6388888888888888,
    "recall": 0.23958333333333334,
    "f1_score": 0.34848484848484845,
    "auc": 0.7883344814629258
  },
  "validation": {
    "accuracy": 0.8270676691729323,
    "precision": 0.3333333333333333,
    "recall": 0.09523809523809523,
    "f1_score": 0.14814814814814814,
    "auc": 0.6398809523809523
  },
  "train_validation_combined": {
    "accuracy": 0.8526077097505669,
    "precision": 0.6153846153846154,
    "recall": 0.22535211267605634,
    "f1_score": 0.3298969072164949,
    "auc": 0.7740959269128282
  },
  "test": {
    "accuracy": 0.8367346938775511,
    "precision": 0.0,
    "recall": 0.0,
    "f1_score": 0.0,
    "auc": 0.7223915989159893
  },
  "best_cv_score": 0.48260338475021447,
  "cv_results_summary": {
    "mean_score": 0.43381457758763753,
    "std_score": 0.020484424431336294,
    "max_score": 0.48260338475021447,
    "min_score": 0.368740025347227
  },
  "smote": {
    "applied": true,
    "before_balance_ratio": 5.211267605633803,
    "after_balance_ratio": 1.0
  },
  "cross_validation": {
    "folds": {
      "fold_1": {
        "test_f1": 0.41935483870967744,
        "train_f1": 0.736111111111111
      },
      "fold_2": {
        "test_f1": 0.5757575757575758,
        "train_f1": 0.7062937062937062
      },
      "fold_3": {
        "test_f1": 0.55,
        "train_f1": 0.7386759581881533
      },
      "fold_4": {
        "test_f1": 0.523076923076923,
        "train_f1": 0.743859649122807
      },
      "fold_5": {
        "test_f1": 0.3448275862068965,
        "train_f1": 0.7560137457044673
      }
    },
    "mean_test_f1": 0.48260338475021447,
    "std_test_f1": 0.08699501548311604,
    "mean_train_f1": 0.7361908340840491,
    "std_train_f1": 0.016442499791010468
  }
}