{
  "training": {
    "accuracy": 0.8638655462184874,
    "precision": 0.7678571428571429,
    "recall": 0.22395833333333334,
    "f1_score": 0.34677419354838707,
    "auc": 0.8543989019706079
  },
  "validation": {
    "accuracy": 0.8345864661654135,
    "precision": 0.3333333333333333,
    "recall": 0.047619047619047616,
    "f1_score": 0.08333333333333333,
    "auc": 0.6639030612244898
  },
  "train_validation_combined": {
    "accuracy": 0.8609221466364324,
    "precision": 0.7457627118644068,
    "recall": 0.20657276995305165,
    "f1_score": 0.32352941176470595,
    "auc": 0.8361523495326313
  },
  "test": {
    "accuracy": 0.8367346938775511,
    "precision": 0.0,
    "recall": 0.0,
    "f1_score": 0.0,
    "auc": 0.7212059620596207
  },
  "best_cv_score": 0.48704557091653866,
  "cv_results_summary": {
    "mean_score": 0.43217770462275346,
    "std_score": 0.018534190883932433,
    "max_score": 0.48704557091653866,
    "min_score": 0.38687689962139726
  },
  "smote": {
    "applied": true,
    "before_balance_ratio": 5.211267605633803,
    "after_balance_ratio": 1.0
  },
  "cross_validation": {
    "folds": {
      "fold_1": {
        "test_f1": 0.44444444444444453,
        "train_f1": 0.6934306569343065
      },
      "fold_2": {
        "test_f1": 0.5,
        "train_f1": 0.6323529411764706
      },
      "fold_3": {
        "test_f1": 0.5714285714285715,
        "train_f1": 0.7071428571428572
      },
      "fold_4": {
        "test_f1": 0.5,
        "train_f1": 0.6666666666666666
      },
      "fold_5": {
        "test_f1": 0.41935483870967744,
        "train_f1": 0.6879432624113474
      }
    },
    "mean_test_f1": 0.48704557091653866,
    "std_test_f1": 0.05263652048637515,
    "mean_train_f1": 0.6775072768663296,
    "std_train_f1": 0.026065932964331393
  }
}