{
  "training": {
    "accuracy": 0.8529411764705882,
    "precision": 0.6,
    "recall": 0.265625,
    "f1_score": 0.3682310469314079,
    "auc": 0.8455087257849032
  },
  "validation": {
    "accuracy": 0.8270676691729323,
    "precision": 0.3333333333333333,
    "recall": 0.09523809523809523,
    "f1_score": 0.14814814814814814,
    "auc": 0.6823979591836735
  },
  "train_validation_combined": {
    "accuracy": 0.8503401360544217,
    "precision": 0.5824175824175825,
    "recall": 0.24882629107981222,
    "f1_score": 0.3486842105263158,
    "auc": 0.8304910544347164
  },
  "test": {
    "accuracy": 0.8163265306122449,
    "precision": 0.42105263157894735,
    "recall": 0.3333333333333333,
    "f1_score": 0.372093023255814,
    "auc": 0.7085027100271003
  },
  "best_cv_score": 0.5212128046686869,
  "cv_results_summary": {
    "mean_score": 0.47263064126713805,
    "std_score": 0.025175883386323643,
    "max_score": 0.5212128046686869,
    "min_score": 0.39101151514944615
  },
  "smote": {
    "applied": true,
    "before_balance_ratio": 5.211267605633803,
    "after_balance_ratio": 1.0
  },
  "cross_validation": {
    "folds": {
      "fold_1": {
        "test_f1": 0.37499999999999994,
        "train_f1": 0.8328445747800587
      },
      "fold_2": {
        "test_f1": 0.5454545454545455,
        "train_f1": 0.8513119533527697
      },
      "fold_3": {
        "test_f1": 0.37499999999999994,
        "train_f1": 0.8362573099415204
      },
      "fold_4": {
        "test_f1": 0.7567567567567567,
        "train_f1": 0.8504398826979472
      },
      "fold_5": {
        "test_f1": 0.6666666666666666,
        "train_f1": 0.8430232558139535
      },
      "fold_6": {
        "test_f1": 0.5625,
        "train_f1": 0.8579710144927537
      },
      "fold_7": {
        "test_f1": 0.7058823529411765,
        "train_f1": 0.8411764705882353
      },
      "fold_8": {
        "test_f1": 0.2962962962962963,
        "train_f1": 0.8396501457725948
      },
      "fold_9": {
        "test_f1": 0.5714285714285714,
        "train_f1": 0.8571428571428572
      },
      "fold_10": {
        "test_f1": 0.35714285714285715,
        "train_f1": 0.8488372093023255
      }
    },
    "mean_test_f1": 0.5212128046686869,
    "std_test_f1": 0.15356343674137438,
    "mean_train_f1": 0.8458654673885017,
    "std_train_f1": 0.00814677813256685
  }
}