{
    "auc": {
        "point_estimate": 0.659891598915989,
        "ci_lower": 0.5371960770099087,
        "ci_upper": 0.7896546675637959
    },
    "accuracy": {
        "point_estimate": 0.8299319727891157,
        "ci_lower": 0.7687074829931972,
        "ci_upper": 0.891156462585034
    },
    "precision": {
        "point_estimate": 0.4444444444444444,
        "ci_lower": 0.125,
        "ci_upper": 0.8
    },
    "recall": {
        "point_estimate": 0.16666666666666666,
        "ci_lower": 0.0399615384615385,
        "ci_upper": 0.34486074270557027
    },
    "f1_score": {
        "point_estimate": 0.24242424242424243,
        "ci_lower": 0.0625,
        "ci_upper": 0.42866795366795357
    },
    "fairness_metrics": {
        "demographic_parity_difference_gender": 0.0222011385199241,
        "equalized_odds_difference_gender": 0.26666666666666666,
        "demographic_parity_difference_age_binned": 0.23333333333333334,
        "equalized_odds_difference_age_binned": 0.42857142857142855
    }
}