{
    "auc": {
        "point_estimate": 0.8346354166666667,
        "ci_lower": 0.7448437586036012,
        "ci_upper": 0.9096034907715235
    },
    "accuracy": {
        "point_estimate": 0.7631578947368421,
        "ci_lower": 0.6907894736842105,
        "ci_upper": 0.8289473684210527
    },
    "precision": {
        "point_estimate": 0.38461538461538464,
        "ci_lower": 0.24989754098360664,
        "ci_upper": 0.5178736772486773
    },
    "recall": {
        "point_estimate": 0.8333333333333334,
        "ci_lower": 0.6666666666666666,
        "ci_upper": 0.96
    },
    "f1_score": {
        "point_estimate": 0.5263157894736842,
        "ci_lower": 0.36665492957746476,
        "ci_upper": 0.6486661986661986
    },
    "fairness_metrics": {
        "demographic_parity_difference_gender": 0.1647727272727273,
        "equalized_odds_difference_gender": 0.17617617617617617,
        "demographic_parity_difference_age_binned": 0.6428571428571429,
        "equalized_odds_difference_age_binned": 0.6666666666666667
    }
}