{
    "auc": {
        "point_estimate": 0.9228515625000001,
        "ci_lower": 0.875344085359598,
        "ci_upper": 0.9602854794277083
    },
    "accuracy": {
        "point_estimate": 0.868421052631579,
        "ci_lower": 0.8157894736842105,
        "ci_upper": 0.9210526315789473
    },
    "precision": {
        "point_estimate": 0.55,
        "ci_lower": 0.39533353733170135,
        "ci_upper": 0.7105263157894737
    },
    "recall": {
        "point_estimate": 0.9166666666666666,
        "ci_lower": 0.7776515151515153,
        "ci_upper": 1.0
    },
    "f1_score": {
        "point_estimate": 0.6874999999999999,
        "ci_lower": 0.5416170634920635,
        "ci_upper": 0.805203823953824
    },
    "fairness_metrics": {
        "demographic_parity_difference_gender": 0.13920454545454544,
        "equalized_odds_difference_gender": 0.1428571428571429,
        "demographic_parity_difference_age_binned": 0.49290060851926976,
        "equalized_odds_difference_age_binned": 0.5
    }
}