{
    "auc": {
        "point_estimate": 0.7313685636856369,
        "ci_lower": 0.6189514954400253,
        "ci_upper": 0.8425347537331902
    },
    "accuracy": {
        "point_estimate": 0.7619047619047619,
        "ci_lower": 0.6938775510204082,
        "ci_upper": 0.8299319727891157
    },
    "precision": {
        "point_estimate": 0.35135135135135137,
        "ci_lower": 0.2058634992458522,
        "ci_upper": 0.5
    },
    "recall": {
        "point_estimate": 0.5416666666666666,
        "ci_lower": 0.35,
        "ci_upper": 0.7368421052631579
    },
    "f1_score": {
        "point_estimate": 0.4262295081967213,
        "ci_lower": 0.2641509433962264,
        "ci_upper": 0.5762711864406779
    },
    "fairness_metrics": {
        "demographic_parity_difference_gender": 0.09468690702087287,
        "equalized_odds_difference_gender": 0.12129380053908356,
        "demographic_parity_difference_age_binned": 0.4691056910569106,
        "equalized_odds_difference_age_binned": 0.5714285714285714
    }
}