{
  "model_comparison": {
    "accuracy": {
      "MLOps Pipeline": 0.8027210884353742,
      "Baseline Pipeline": 0.8027210884353742,
      "difference": 0.0
    },
    "precision": {
      "MLOps Pipeline": 0.2222222222222222,
      "Baseline Pipeline": 0.2222222222222222,
      "difference": 0.0
    },
    "recall": {
      "MLOps Pipeline": 0.08333333333333333,
      "Baseline Pipeline": 0.08333333333333333,
      "difference": 0.0
    },
    "f1_score": {
      "MLOps Pipeline": 0.12121212121212122,
      "Baseline Pipeline": 0.12121212121212122,
      "difference": 0.0
    },
    "auc": {
      "MLOps Pipeline": 0.6983401084010841,
      "Baseline Pipeline": 0.7530487804878049,
      "difference": -0.05470867208672081
    },
    "statistical_test": {
      "test_type": "wilcoxon_signed_rank",
      "statistic": 7.0,
      "p_value": 1.0,
      "significant": false,
      "better_model": null,
      "fold_results": {
        "MLOps Pipeline": [
          0.44444444444444453,
          0.6060606060606061,
          0.5316455696202531,
          0.5454545454545454,
          0.39344262295081966
        ],
        "Baseline Pipeline": [
          0.4545454545454546,
          0.5625000000000001,
          0.5238095238095238,
          0.5070422535211268,
          0.43749999999999994
        ]
      }
    }
  },
  "model_a_name": "MLOps Pipeline",
  "model_b_name": "Baseline Pipeline"
}