{
  "training": {
    "accuracy": 0.8718367346938776,
    "precision": 0.8333333333333334,
    "recall": 0.25380710659898476,
    "f1_score": 0.38910505836575876,
    "auc": 0.8699041063422149
  },
  "validation": {
    "accuracy": 0.8613138686131386,
    "precision": 0.8,
    "recall": 0.18181818181818182,
    "f1_score": 0.2962962962962963,
    "auc": 0.7936758893280633
  },
  "train_validation_combined": {
    "accuracy": 0.8707782672540382,
    "precision": 0.8307692307692308,
    "recall": 0.2465753424657534,
    "f1_score": 0.38028169014084506,
    "auc": 0.861917089130982
  },
  "test": {
    "accuracy": 0.8421052631578947,
    "precision": 0.0,
    "recall": 0.0,
    "f1_score": 0.0,
    "auc": 0.81787109375
  },
  "best_cv_score": 0.4306044365911538,
  "cv_results_summary": {
    "mean_score": 0.3947015054397766,
    "std_score": 0.020086528069519452,
    "max_score": 0.4306044365911538,
    "min_score": 0.35862093376692933
  },
  "smote": {
    "applied": true,
    "before_balance_ratio": 5.219178082191781,
    "after_balance_ratio": 1.0
  },
  "cross_validation": {
    "folds": {
      "fold_1": {
        "test_f1": 0.3870967741935484,
        "train_f1": 0.87292817679558
      },
      "fold_2": {
        "test_f1": 0.4705882352941177,
        "train_f1": 0.8760330578512396
      },
      "fold_3": {
        "test_f1": 0.4848484848484849,
        "train_f1": 0.8746518105849582
      },
      "fold_4": {
        "test_f1": 0.35000000000000003,
        "train_f1": 0.9130434782608695
      },
      "fold_5": {
        "test_f1": 0.4242424242424242,
        "train_f1": 0.8690807799442897
      },
      "fold_6": {
        "test_f1": 0.2580645161290322,
        "train_f1": 0.8770949720670391
      },
      "fold_7": {
        "test_f1": 0.3636363636363636,
        "train_f1": 0.8839779005524863
      },
      "fold_8": {
        "test_f1": 0.5405405405405405,
        "train_f1": 0.8753462603878115
      },
      "fold_9": {
        "test_f1": 0.5405405405405405,
        "train_f1": 0.8739495798319328
      },
      "fold_10": {
        "test_f1": 0.4864864864864865,
        "train_f1": 0.8956043956043956
      }
    },
    "mean_test_f1": 0.4306044365911538,
    "std_test_f1": 0.0863255653724133,
    "mean_train_f1": 0.8811710411880602,
    "std_train_f1": 0.012719130512299335
  }
}