{
  "training": {
    "accuracy": 0.8689075630252101,
    "precision": 0.8,
    "recall": 0.25,
    "f1_score": 0.38095238095238093,
    "auc": 0.8930752129258517
  },
  "validation": {
    "accuracy": 0.8571428571428571,
    "precision": 1.0,
    "recall": 0.09523809523809523,
    "f1_score": 0.17391304347826084,
    "auc": 0.6377551020408163
  },
  "train_validation_combined": {
    "accuracy": 0.8677248677248677,
    "precision": 0.8064516129032258,
    "recall": 0.2347417840375587,
    "f1_score": 0.36363636363636365,
    "auc": 0.8694856828659644
  },
  "test": {
    "accuracy": 0.8367346938775511,
    "precision": 0.0,
    "recall": 0.0,
    "f1_score": 0.0,
    "auc": 0.7386517615176151
  },
  "best_cv_score": 0.5159690011175705,
  "cv_results_summary": {
    "mean_score": 0.46643595744975075,
    "std_score": 0.027561839656317463,
    "max_score": 0.5159690011175705,
    "min_score": 0.37866039002658186
  },
  "smote": {
    "applied": true,
    "before_balance_ratio": 5.211267605633803,
    "after_balance_ratio": 1.0
  },
  "cross_validation": {
    "folds": {
      "fold_1": {
        "test_f1": 0.4444444444444444,
        "train_f1": 0.895774647887324
      },
      "fold_2": {
        "test_f1": 0.4864864864864865,
        "train_f1": 0.9060773480662984
      },
      "fold_3": {
        "test_f1": 0.4375,
        "train_f1": 0.9226519337016573
      },
      "fold_4": {
        "test_f1": 0.717948717948718,
        "train_f1": 0.9136490250696377
      },
      "fold_5": {
        "test_f1": 0.5957446808510638,
        "train_f1": 0.9050279329608939
      },
      "fold_6": {
        "test_f1": 0.4571428571428571,
        "train_f1": 0.9311294765840221
      },
      "fold_7": {
        "test_f1": 0.6666666666666667,
        "train_f1": 0.9106145251396649
      },
      "fold_8": {
        "test_f1": 0.43749999999999994,
        "train_f1": 0.9019607843137254
      },
      "fold_9": {
        "test_f1": 0.5714285714285714,
        "train_f1": 0.9106145251396649
      },
      "fold_10": {
        "test_f1": 0.3448275862068965,
        "train_f1": 0.9055555555555556
      }
    },
    "mean_test_f1": 0.5159690011175705,
    "std_test_f1": 0.11135311566847088,
    "mean_train_f1": 0.9103055754418443,
    "std_train_f1": 0.009728897556695948
  }
}