{
  "training": {
    "accuracy": 0.8718367346938776,
    "precision": 0.8333333333333334,
    "recall": 0.25380710659898476,
    "f1_score": 0.38910505836575876,
    "auc": 0.8699041063422149
  },
  "validation": {
    "accuracy": 0.8613138686131386,
    "precision": 0.8,
    "recall": 0.18181818181818182,
    "f1_score": 0.2962962962962963,
    "auc": 0.7936758893280633
  },
  "train_validation_combined": {
    "accuracy": 0.8707782672540382,
    "precision": 0.8307692307692308,
    "recall": 0.2465753424657534,
    "f1_score": 0.38028169014084506,
    "auc": 0.861917089130982
  },
  "test": {
    "accuracy": 0.8421052631578947,
    "precision": 0.0,
    "recall": 0.0,
    "f1_score": 0.0,
    "auc": 0.81787109375
  },
  "best_cv_score": 0.438532856975132,
  "cv_results_summary": {
    "mean_score": 0.40486398979831995,
    "std_score": 0.021324610657820927,
    "max_score": 0.438532856975132,
    "min_score": 0.3682606649416994
  },
  "smote": {
    "applied": true,
    "before_balance_ratio": 5.219178082191781,
    "after_balance_ratio": 1.0
  },
  "cross_validation": {
    "folds": {
      "fold_1": {
        "test_f1": 0.4375,
        "train_f1": 0.87292817679558
      },
      "fold_2": {
        "test_f1": 0.5000000000000001,
        "train_f1": 0.9002695417789758
      },
      "fold_3": {
        "test_f1": 0.43749999999999994,
        "train_f1": 0.8705234159779615
      },
      "fold_4": {
        "test_f1": 0.3157894736842105,
        "train_f1": 0.9016393442622951
      },
      "fold_5": {
        "test_f1": 0.3636363636363636,
        "train_f1": 0.8770949720670391
      },
      "fold_6": {
        "test_f1": 0.3225806451612903,
        "train_f1": 0.8791208791208791
      },
      "fold_7": {
        "test_f1": 0.3888888888888889,
        "train_f1": 0.8882833787465941
      },
      "fold_8": {
        "test_f1": 0.631578947368421,
        "train_f1": 0.8802228412256268
      },
      "fold_9": {
        "test_f1": 0.5263157894736842,
        "train_f1": 0.8980716253443527
      },
      "fold_10": {
        "test_f1": 0.46153846153846156,
        "train_f1": 0.9002695417789758
      }
    },
    "mean_test_f1": 0.438532856975132,
    "std_test_f1": 0.09266450194234117,
    "mean_train_f1": 0.8868423717098279,
    "std_train_f1": 0.011687880026068045
  }
}