{
  "training": {
    "accuracy": 0.8529411764705882,
    "precision": 0.6,
    "recall": 0.265625,
    "f1_score": 0.3682310469314079,
    "auc": 0.8424661823647295
  },
  "validation": {
    "accuracy": 0.8270676691729323,
    "precision": 0.3333333333333333,
    "recall": 0.09523809523809523,
    "f1_score": 0.14814814814814814,
    "auc": 0.6796343537414966
  },
  "train_validation_combined": {
    "accuracy": 0.8503401360544217,
    "precision": 0.5824175824175825,
    "recall": 0.24882629107981222,
    "f1_score": 0.3486842105263158,
    "auc": 0.8273273273273273
  },
  "test": {
    "accuracy": 0.8163265306122449,
    "precision": 0.42105263157894735,
    "recall": 0.3333333333333333,
    "f1_score": 0.372093023255814,
    "auc": 0.7085027100271003
  },
  "best_cv_score": 0.5251735064230619,
  "cv_results_summary": {
    "mean_score": 0.46559179461404876,
    "std_score": 0.025507128975563426,
    "max_score": 0.5251735064230619,
    "min_score": 0.36822799422799424
  },
  "smote": {
    "applied": true,
    "before_balance_ratio": 5.211267605633803,
    "after_balance_ratio": 1.0
  },
  "cross_validation": {
    "folds": {
      "fold_1": {
        "test_f1": 0.4117647058823529,
        "train_f1": 0.8343195266272189
      },
      "fold_2": {
        "test_f1": 0.5454545454545455,
        "train_f1": 0.8454810495626821
      },
      "fold_3": {
        "test_f1": 0.4242424242424242,
        "train_f1": 0.8488372093023258
      },
      "fold_4": {
        "test_f1": 0.742857142857143,
        "train_f1": 0.8486646884272998
      },
      "fold_5": {
        "test_f1": 0.6521739130434783,
        "train_f1": 0.8387096774193548
      },
      "fold_6": {
        "test_f1": 0.5161290322580645,
        "train_f1": 0.8439306358381503
      },
      "fold_7": {
        "test_f1": 0.6857142857142857,
        "train_f1": 0.8461538461538461
      },
      "fold_8": {
        "test_f1": 0.3448275862068965,
        "train_f1": 0.8470588235294119
      },
      "fold_9": {
        "test_f1": 0.5714285714285714,
        "train_f1": 0.8461538461538461
      },
      "fold_10": {
        "test_f1": 0.35714285714285715,
        "train_f1": 0.8554913294797688
      }
    },
    "mean_test_f1": 0.5251735064230619,
    "std_test_f1": 0.13256276030262462,
    "mean_train_f1": 0.8454800632493905,
    "std_train_f1": 0.005457422448046069
  }
}