{
    "auc": {
        "point_estimate": 0.7105352303523035,
        "ci_lower": 0.5957359945785465,
        "ci_upper": 0.8286725798056904
    },
    "accuracy": {
        "point_estimate": 0.8435374149659864,
        "ci_lower": 0.782312925170068,
        "ci_upper": 0.8979591836734694
    },
    "precision": {
        "point_estimate": 0.5714285714285714,
        "ci_lower": 0.2,
        "ci_upper": 1.0
    },
    "recall": {
        "point_estimate": 0.16666666666666666,
        "ci_lower": 0.0399615384615385,
        "ci_upper": 0.34486074270557027
    },
    "f1_score": {
        "point_estimate": 0.25806451612903225,
        "ci_lower": 0.06896551724137931,
        "ci_upper": 0.45484848484848456
    },
    "fairness_metrics": {
        "demographic_parity_difference_gender": 0.026565464895635674,
        "equalized_odds_difference_gender": 0.26666666666666666,
        "demographic_parity_difference_age_binned": 0.2,
        "equalized_odds_difference_age_binned": 0.42857142857142855
    }
}