{
  "training": {
    "accuracy": 0.8420168067226891,
    "precision": 0.5059171597633136,
    "recall": 0.890625,
    "f1_score": 0.6452830188679245,
    "auc": 0.9364144956579826
  },
  "validation": {
    "accuracy": 0.7218045112781954,
    "precision": 0.2647058823529412,
    "recall": 0.42857142857142855,
    "f1_score": 0.32727272727272727,
    "auc": 0.6513605442176871
  },
  "train_validation_combined": {
    "accuracy": 0.8299319727891157,
    "precision": 0.4838709677419355,
    "recall": 0.8450704225352113,
    "f1_score": 0.6153846153846154,
    "auc": 0.9106395127521887
  },
  "test": {
    "accuracy": 0.7959183673469388,
    "precision": 0.4166666666666667,
    "recall": 0.625,
    "f1_score": 0.5,
    "auc": 0.741869918699187
  },
  "best_cv_score": 0.5502892435162673,
  "cv_results_summary": {
    "mean_score": 0.4957383251921785,
    "std_score": 0.034442879275558946,
    "max_score": 0.5502892435162673,
    "min_score": 0.341857343168504
  }
}