{
  "training": {
    "accuracy": 0.865546218487395,
    "precision": 0.82,
    "recall": 0.21354166666666666,
    "f1_score": 0.33884297520661155,
    "auc": 0.8641553941215766
  },
  "validation": {
    "accuracy": 0.849624060150376,
    "precision": 0.6666666666666666,
    "recall": 0.09523809523809523,
    "f1_score": 0.16666666666666666,
    "auc": 0.6449829931972789
  },
  "train_validation_combined": {
    "accuracy": 0.8639455782312925,
    "precision": 0.8113207547169812,
    "recall": 0.20187793427230047,
    "f1_score": 0.3233082706766917,
    "auc": 0.8430761747663156
  },
  "test": {
    "accuracy": 0.8435374149659864,
    "precision": 1.0,
    "recall": 0.041666666666666664,
    "f1_score": 0.07999999999999999,
    "auc": 0.7308604336043361
  },
  "best_cv_score": 0.49004833901477446,
  "cv_results_summary": {
    "mean_score": 0.43294249678941243,
    "std_score": 0.021141521617850267,
    "max_score": 0.49004833901477446,
    "min_score": 0.3277424688105573
  },
  "smote": {
    "applied": true,
    "before_balance_ratio": 5.211267605633803,
    "after_balance_ratio": 1.0
  }
}