{
    "auc": {
        "point_estimate": 0.7659505208333334,
        "ci_lower": 0.6699152505446623,
        "ci_upper": 0.8538149608906035
    },
    "accuracy": {
        "point_estimate": 0.8026315789473685,
        "ci_lower": 0.7302631578947368,
        "ci_upper": 0.8618421052631579
    },
    "precision": {
        "point_estimate": 0.40625,
        "ci_lower": 0.23524509803921573,
        "ci_upper": 0.5715367965367965
    },
    "recall": {
        "point_estimate": 0.5416666666666666,
        "ci_lower": 0.3333333333333333,
        "ci_upper": 0.7391706924315619
    },
    "f1_score": {
        "point_estimate": 0.46428571428571425,
        "ci_lower": 0.2806609547123623,
        "ci_upper": 0.6153846153846154
    },
    "fairness_metrics": {
        "demographic_parity_difference_gender": 0.014204545454545442,
        "equalized_odds_difference_gender": 0.09999999999999998,
        "demographic_parity_difference_age_binned": 0.4739454094292804,
        "equalized_odds_difference_age_binned": 0.8333333333333334
    }
}