{
  "training": {
    "accuracy": 0.9077551020408163,
    "precision": 0.6567164179104478,
    "recall": 0.8934010152284264,
    "f1_score": 0.7569892473118278,
    "auc": 0.9620573189278872
  },
  "validation": {
    "accuracy": 0.8029197080291971,
    "precision": 0.42424242424242425,
    "recall": 0.6363636363636364,
    "f1_score": 0.5090909090909091,
    "auc": 0.7507905138339921
  },
  "train_validation_combined": {
    "accuracy": 0.8972099853157122,
    "precision": 0.6312292358803987,
    "recall": 0.867579908675799,
    "f1_score": 0.7307692307692308,
    "auc": 0.9433458374780778
  },
  "test": {
    "accuracy": 0.7302631578947368,
    "precision": 0.24242424242424243,
    "recall": 0.3333333333333333,
    "f1_score": 0.2807017543859649,
    "auc": 0.6839192708333333
  },
  "best_cv_score": 0.5227278940013668,
  "cv_results_summary": {
    "mean_score": 0.48402776871761416,
    "std_score": 0.019443602003076,
    "max_score": 0.5227278940013668,
    "min_score": 0.4265195188170002
  }
}