{
  "training": {
    "accuracy": 0.8726530612244898,
    "precision": 0.847457627118644,
    "recall": 0.25380710659898476,
    "f1_score": 0.39062499999999994,
    "auc": 0.8701312488889767
  },
  "validation": {
    "accuracy": 0.8613138686131386,
    "precision": 0.8,
    "recall": 0.18181818181818182,
    "f1_score": 0.2962962962962963,
    "auc": 0.7928853754940711
  },
  "train_validation_combined": {
    "accuracy": 0.8715124816446402,
    "precision": 0.84375,
    "recall": 0.2465753424657534,
    "f1_score": 0.38162544169611307,
    "auc": 0.8621328155898319
  },
  "test": {
    "accuracy": 0.8421052631578947,
    "precision": 0.0,
    "recall": 0.0,
    "f1_score": 0.0,
    "auc": 0.81787109375
  },
  "best_cv_score": 0.42315727704722017,
  "cv_results_summary": {
    "mean_score": 0.398180511704216,
    "std_score": 0.020974868768116675,
    "max_score": 0.42315727704722017,
    "min_score": 0.35838697870538805
  },
  "smote": {
    "applied": true,
    "before_balance_ratio": 5.219178082191781,
    "after_balance_ratio": 1.0
  },
  "cross_validation": {
    "folds": {
      "fold_1": {
        "test_f1": 0.3870967741935484,
        "train_f1": 0.8736263736263736
      },
      "fold_2": {
        "test_f1": 0.5000000000000001,
        "train_f1": 0.8961748633879781
      },
      "fold_3": {
        "test_f1": 0.47058823529411764,
        "train_f1": 0.8784530386740331
      },
      "fold_4": {
        "test_f1": 0.33333333333333326,
        "train_f1": 0.9010989010989011
      },
      "fold_5": {
        "test_f1": 0.3870967741935484,
        "train_f1": 0.8715083798882681
      },
      "fold_6": {
        "test_f1": 0.30303030303030304,
        "train_f1": 0.8931506849315068
      },
      "fold_7": {
        "test_f1": 0.3888888888888889,
        "train_f1": 0.8901098901098902
      },
      "fold_8": {
        "test_f1": 0.5555555555555556,
        "train_f1": 0.8925619834710743
      },
      "fold_9": {
        "test_f1": 0.4444444444444444,
        "train_f1": 0.8777777777777778
      },
      "fold_10": {
        "test_f1": 0.46153846153846156,
        "train_f1": 0.8753462603878115
      }
    },
    "mean_test_f1": 0.42315727704722017,
    "std_test_f1": 0.07340567808528271,
    "mean_train_f1": 0.8849808153353615,
    "std_train_f1": 0.010165519262094727
  }
}