{
  "training": {
    "accuracy": 0.8865546218487395,
    "precision": 0.8202247191011236,
    "recall": 0.3802083333333333,
    "f1_score": 0.5195729537366548,
    "auc": 0.8913451903807614
  },
  "validation": {
    "accuracy": 0.849624060150376,
    "precision": 0.6666666666666666,
    "recall": 0.09523809523809523,
    "f1_score": 0.16666666666666666,
    "auc": 0.6564625850340136
  },
  "train_validation_combined": {
    "accuracy": 0.8828420256991686,
    "precision": 0.8152173913043478,
    "recall": 0.352112676056338,
    "f1_score": 0.4918032786885246,
    "auc": 0.8689062301738358
  },
  "test": {
    "accuracy": 0.8367346938775511,
    "precision": 0.0,
    "recall": 0.0,
    "f1_score": 0.0,
    "auc": 0.7660907859078591
  },
  "best_cv_score": 0.48697532267095084,
  "cv_results_summary": {
    "mean_score": 0.43489627464357317,
    "std_score": 0.020135659705559222,
    "max_score": 0.48697532267095084,
    "min_score": 0.3858942364824718
  },
  "smote": {
    "applied": true,
    "before_balance_ratio": 5.211267605633803,
    "after_balance_ratio": 1.0
  },
  "cross_validation": {
    "folds": {
      "fold_1": {
        "test_f1": 0.4776119402985074,
        "train_f1": 0.861842105263158
      },
      "fold_2": {
        "test_f1": 0.5294117647058824,
        "train_f1": 0.8273615635179153
      },
      "fold_3": {
        "test_f1": 0.5287356321839081,
        "train_f1": 0.8774193548387097
      },
      "fold_4": {
        "test_f1": 0.5384615384615384,
        "train_f1": 0.8789808917197452
      },
      "fold_5": {
        "test_f1": 0.3606557377049181,
        "train_f1": 0.8717948717948717
      }
    },
    "mean_test_f1": 0.48697532267095084,
    "std_test_f1": 0.06669320198503051,
    "mean_train_f1": 0.8634797574268799,
    "std_train_f1": 0.019031261141485234
  }
}