{
  "training": {
    "accuracy": 0.8579831932773109,
    "precision": 0.8484848484848485,
    "recall": 0.14583333333333334,
    "f1_score": 0.24888888888888888,
    "auc": 0.8321878131262526
  },
  "validation": {
    "accuracy": 0.8421052631578947,
    "precision": 0.5,
    "recall": 0.047619047619047616,
    "f1_score": 0.08695652173913042,
    "auc": 0.6564625850340136
  },
  "train_validation_combined": {
    "accuracy": 0.8563869992441421,
    "precision": 0.8285714285714286,
    "recall": 0.13615023474178403,
    "f1_score": 0.23387096774193547,
    "auc": 0.8160470329484414
  },
  "test": {
    "accuracy": 0.8367346938775511,
    "precision": 0.0,
    "recall": 0.0,
    "f1_score": 0.0,
    "auc": 0.6839430894308942
  },
  "best_cv_score": 0.5117333596195076,
  "cv_results_summary": {
    "mean_score": 0.45768444987662155,
    "std_score": 0.02557470994340758,
    "max_score": 0.5117333596195076,
    "min_score": 0.3751520134571271
  },
  "smote": {
    "applied": true,
    "before_balance_ratio": 5.211267605633803,
    "after_balance_ratio": 1.0
  },
  "cross_validation": {
    "folds": {
      "fold_1": {
        "test_f1": 0.4242424242424242,
        "train_f1": 0.8571428571428571
      },
      "fold_2": {
        "test_f1": 0.5000000000000001,
        "train_f1": 0.8653295128939827
      },
      "fold_3": {
        "test_f1": 0.4705882352941177,
        "train_f1": 0.8488372093023258
      },
      "fold_4": {
        "test_f1": 0.742857142857143,
        "train_f1": 0.8529411764705882
      },
      "fold_5": {
        "test_f1": 0.6666666666666666,
        "train_f1": 0.8504398826979472
      },
      "fold_6": {
        "test_f1": 0.5,
        "train_f1": 0.8620689655172413
      },
      "fold_7": {
        "test_f1": 0.7058823529411765,
        "train_f1": 0.8563218390804598
      },
      "fold_8": {
        "test_f1": 0.32,
        "train_f1": 0.8579710144927537
      },
      "fold_9": {
        "test_f1": 0.3870967741935483,
        "train_f1": 0.8513119533527698
      },
      "fold_10": {
        "test_f1": 0.4,
        "train_f1": 0.8377581120943953
      }
    },
    "mean_test_f1": 0.5117333596195076,
    "std_test_f1": 0.13766611644583515,
    "mean_train_f1": 0.8540122523045321,
    "std_train_f1": 0.007321041437910469
  }
}