{
  "training": {
    "accuracy": 0.8588235294117647,
    "precision": 0.5517241379310345,
    "recall": 0.6666666666666666,
    "f1_score": 0.6037735849056604,
    "auc": 0.8708223739144956
  },
  "validation": {
    "accuracy": 0.7894736842105263,
    "precision": 0.3333333333333333,
    "recall": 0.3333333333333333,
    "f1_score": 0.3333333333333333,
    "auc": 0.6215986394557823
  },
  "train_validation_combined": {
    "accuracy": 0.8518518518518519,
    "precision": 0.5335968379446641,
    "recall": 0.6338028169014085,
    "f1_score": 0.5793991416309013,
    "auc": 0.8467432220953348
  },
  "test": {
    "accuracy": 0.8367346938775511,
    "precision": 0.5,
    "recall": 0.16666666666666666,
    "f1_score": 0.25,
    "auc": 0.7469512195121951
  },
  "best_cv_score": 0.5367829910242476,
  "cv_results_summary": {
    "mean_score": 0.47860508600725077,
    "std_score": 0.024102008941637384,
    "max_score": 0.5367829910242476,
    "min_score": 0.4396930297414266
  }
}