{
  "training": {
    "accuracy": 0.8595918367346939,
    "precision": 0.6436781609195402,
    "recall": 0.28426395939086296,
    "f1_score": 0.39436619718309857,
    "auc": 0.7617891919650793
  },
  "validation": {
    "accuracy": 0.8540145985401459,
    "precision": 0.6666666666666666,
    "recall": 0.18181818181818182,
    "f1_score": 0.28571428571428575,
    "auc": 0.7162055335968379
  },
  "train_validation_combined": {
    "accuracy": 0.8590308370044053,
    "precision": 0.6451612903225806,
    "recall": 0.273972602739726,
    "f1_score": 0.3846153846153846,
    "auc": 0.7573037388591266
  },
  "test": {
    "accuracy": 0.8092105263157895,
    "precision": 0.41935483870967744,
    "recall": 0.5416666666666666,
    "f1_score": 0.4727272727272728,
    "auc": 0.7776692708333333
  },
  "best_cv_score": 0.43389727997338107,
  "cv_results_summary": {
    "mean_score": 0.3953299553599371,
    "std_score": 0.024473252076317117,
    "max_score": 0.43389727997338107,
    "min_score": 0.35550792598206393
  },
  "smote": {
    "applied": true,
    "before_balance_ratio": 5.219178082191781,
    "after_balance_ratio": 1.0
  },
  "cross_validation": {
    "folds": {
      "fold_1": {
        "test_f1": 0.3333333333333333,
        "train_f1": 0.9820051413881749
      },
      "fold_2": {
        "test_f1": 0.4242424242424242,
        "train_f1": 0.9820051413881749
      },
      "fold_3": {
        "test_f1": 0.5,
        "train_f1": 0.9846938775510204
      },
      "fold_4": {
        "test_f1": 0.3,
        "train_f1": 0.9845360824742267
      },
      "fold_5": {
        "test_f1": 0.3870967741935484,
        "train_f1": 0.987146529562982
      },
      "fold_6": {
        "test_f1": 0.3225806451612903,
        "train_f1": 0.9846153846153846
      },
      "fold_7": {
        "test_f1": 0.4242424242424242,
        "train_f1": 0.987146529562982
      },
      "fold_8": {
        "test_f1": 0.4864864864864865,
        "train_f1": 0.9897435897435898
      },
      "fold_9": {
        "test_f1": 0.631578947368421,
        "train_f1": 0.9872122762148339
      },
      "fold_10": {
        "test_f1": 0.5294117647058824,
        "train_f1": 0.9767441860465116
      }
    },
    "mean_test_f1": 0.43389727997338107,
    "std_test_f1": 0.09906864014812866,
    "mean_train_f1": 0.9845848738547881,
    "std_train_f1": 0.003484843906607126
  }
}