{
  "training": {
    "accuracy": 0.8588235294117647,
    "precision": 0.5923076923076923,
    "recall": 0.4010416666666667,
    "f1_score": 0.47826086956521746,
    "auc": 0.793185328991316
  },
  "validation": {
    "accuracy": 0.8195488721804511,
    "precision": 0.36363636363636365,
    "recall": 0.19047619047619047,
    "f1_score": 0.25,
    "auc": 0.6413690476190476
  },
  "train_validation_combined": {
    "accuracy": 0.854875283446712,
    "precision": 0.574468085106383,
    "recall": 0.38028169014084506,
    "f1_score": 0.45762711864406785,
    "auc": 0.778350886097365
  },
  "test": {
    "accuracy": 0.8367346938775511,
    "precision": 0.5,
    "recall": 0.08333333333333333,
    "f1_score": 0.14285714285714285,
    "auc": 0.7052845528455285
  },
  "best_cv_score": 0.4944344847039018,
  "cv_results_summary": {
    "mean_score": 0.42463207344141024,
    "std_score": 0.021239416385815647,
    "max_score": 0.4944344847039018,
    "min_score": 0.3880539742778832
  },
  "smote": {
    "applied": true,
    "before_balance_ratio": 5.211267605633803,
    "after_balance_ratio": 1.0
  },
  "cross_validation": {
    "folds": {
      "fold_1": {
        "test_f1": 0.37499999999999994,
        "train_f1": 0.6375838926174497
      },
      "fold_2": {
        "test_f1": 0.4827586206896552,
        "train_f1": 0.6127946127946128
      },
      "fold_3": {
        "test_f1": 0.3870967741935484,
        "train_f1": 0.6468646864686468
      },
      "fold_4": {
        "test_f1": 0.6451612903225806,
        "train_f1": 0.588628762541806
      },
      "fold_5": {
        "test_f1": 0.6486486486486486,
        "train_f1": 0.6169491525423729
      },
      "fold_6": {
        "test_f1": 0.5,
        "train_f1": 0.6179401993355481
      },
      "fold_7": {
        "test_f1": 0.6470588235294118,
        "train_f1": 0.6357615894039735
      },
      "fold_8": {
        "test_f1": 0.4137931034482759,
        "train_f1": 0.6195286195286195
      },
      "fold_9": {
        "test_f1": 0.5,
        "train_f1": 0.6418918918918919
      },
      "fold_10": {
        "test_f1": 0.3448275862068965,
        "train_f1": 0.6291390728476822
      }
    },
    "mean_test_f1": 0.4944344847039018,
    "std_test_f1": 0.1116531591579088,
    "mean_train_f1": 0.6247082479972603,
    "std_train_f1": 0.016340987556565708
  }
}