{
  "training": {
    "accuracy": 0.8579591836734693,
    "precision": 0.7948717948717948,
    "recall": 0.15736040609137056,
    "f1_score": 0.2627118644067797,
    "auc": 0.8212388156985126
  },
  "validation": {
    "accuracy": 0.8613138686131386,
    "precision": 0.8,
    "recall": 0.18181818181818182,
    "f1_score": 0.2962962962962963,
    "auc": 0.7448616600790514
  },
  "train_validation_combined": {
    "accuracy": 0.8582966226138032,
    "precision": 0.7954545454545454,
    "recall": 0.1598173515981735,
    "f1_score": 0.2661596958174905,
    "auc": 0.8135084712584443
  },
  "test": {
    "accuracy": 0.8421052631578947,
    "precision": 0.0,
    "recall": 0.0,
    "f1_score": 0.0,
    "auc": 0.7942708333333335
  },
  "best_cv_score": 0.4094482791256985,
  "cv_results_summary": {
    "mean_score": 0.3877876320444021,
    "std_score": 0.016014109492123292,
    "max_score": 0.4094482791256985,
    "min_score": 0.3590303583142849
  },
  "smote": {
    "applied": true,
    "before_balance_ratio": 5.219178082191781,
    "after_balance_ratio": 1.0
  },
  "cross_validation": {
    "folds": {
      "fold_1": {
        "test_f1": 0.35714285714285715,
        "train_f1": 0.886426592797784
      },
      "fold_2": {
        "test_f1": 0.39999999999999997,
        "train_f1": 0.8736263736263736
      },
      "fold_3": {
        "test_f1": 0.45161290322580644,
        "train_f1": 0.8690807799442897
      },
      "fold_4": {
        "test_f1": 0.30769230769230765,
        "train_f1": 0.8895027624309393
      },
      "fold_5": {
        "test_f1": 0.3870967741935484,
        "train_f1": 0.8760330578512396
      },
      "fold_6": {
        "test_f1": 0.2580645161290322,
        "train_f1": 0.87292817679558
      },
      "fold_7": {
        "test_f1": 0.4848484848484849,
        "train_f1": 0.8901098901098902
      },
      "fold_8": {
        "test_f1": 0.5000000000000001,
        "train_f1": 0.8857938718662952
      },
      "fold_9": {
        "test_f1": 0.4864864864864865,
        "train_f1": 0.8802228412256268
      },
      "fold_10": {
        "test_f1": 0.46153846153846156,
        "train_f1": 0.886426592797784
      }
    },
    "mean_test_f1": 0.4094482791256985,
    "std_test_f1": 0.07804291866681697,
    "mean_train_f1": 0.8810150939445801,
    "std_train_f1": 0.007238983404480449
  }
}