{
  "training": {
    "accuracy": 0.9028571428571428,
    "precision": 0.648854961832061,
    "recall": 0.8629441624365483,
    "f1_score": 0.7407407407407407,
    "auc": 0.9580872622410082
  },
  "validation": {
    "accuracy": 0.8394160583941606,
    "precision": 0.5,
    "recall": 0.5909090909090909,
    "f1_score": 0.5416666666666667,
    "auc": 0.8094861660079051
  },
  "train_validation_combined": {
    "accuracy": 0.8964757709251101,
    "precision": 0.6354166666666666,
    "recall": 0.8356164383561644,
    "f1_score": 0.7218934911242603,
    "auc": 0.9437633081252972
  },
  "test": {
    "accuracy": 0.8552631578947368,
    "precision": 0.55,
    "recall": 0.4583333333333333,
    "f1_score": 0.5,
    "auc": 0.798828125
  },
  "best_cv_score": 0.7880225018541257,
  "cv_results_summary": {
    "mean_score": 0.767865022908717,
    "std_score": 0.007534912061215002,
    "max_score": 0.7880225018541257,
    "min_score": 0.7510390513938214
  }
}