{
  "training": {
    "accuracy": 0.8529411764705882,
    "precision": 0.6,
    "recall": 0.265625,
    "f1_score": 0.3682310469314079,
    "auc": 0.8424661823647295
  },
  "validation": {
    "accuracy": 0.8270676691729323,
    "precision": 0.3333333333333333,
    "recall": 0.09523809523809523,
    "f1_score": 0.14814814814814814,
    "auc": 0.6796343537414966
  },
  "train_validation_combined": {
    "accuracy": 0.8503401360544217,
    "precision": 0.5824175824175825,
    "recall": 0.24882629107981222,
    "f1_score": 0.3486842105263158,
    "auc": 0.8273273273273273
  },
  "test": {
    "accuracy": 0.8163265306122449,
    "precision": 0.42105263157894735,
    "recall": 0.3333333333333333,
    "f1_score": 0.372093023255814,
    "auc": 0.7085027100271003
  },
  "best_cv_score": 0.5232444026561673,
  "cv_results_summary": {
    "mean_score": 0.4627520962448773,
    "std_score": 0.025259053941184623,
    "max_score": 0.5232444026561673,
    "min_score": 0.3835618576997887
  },
  "smote": {
    "applied": true,
    "before_balance_ratio": 5.211267605633803,
    "after_balance_ratio": 1.0
  },
  "cross_validation": {
    "folds": {
      "fold_1": {
        "test_f1": 0.4117647058823529,
        "train_f1": 0.8495575221238938
      },
      "fold_2": {
        "test_f1": 0.5454545454545455,
        "train_f1": 0.8488372093023258
      },
      "fold_3": {
        "test_f1": 0.4242424242424242,
        "train_f1": 0.8430232558139535
      },
      "fold_4": {
        "test_f1": 0.6857142857142857,
        "train_f1": 0.8629737609329446
      },
      "fold_5": {
        "test_f1": 0.6666666666666666,
        "train_f1": 0.8387096774193548
      },
      "fold_6": {
        "test_f1": 0.6060606060606061,
        "train_f1": 0.8430232558139535
      },
      "fold_7": {
        "test_f1": 0.742857142857143,
        "train_f1": 0.847953216374269
      },
      "fold_8": {
        "test_f1": 0.3076923076923077,
        "train_f1": 0.831858407079646
      },
      "fold_9": {
        "test_f1": 0.4848484848484849,
        "train_f1": 0.8546511627906977
      },
      "fold_10": {
        "test_f1": 0.35714285714285715,
        "train_f1": 0.8436578171091446
      }
    },
    "mean_test_f1": 0.5232444026561673,
    "std_test_f1": 0.1415287138551669,
    "mean_train_f1": 0.8464245284760183,
    "std_train_f1": 0.008136405805450761
  }
}