{
    "auc": {
        "point_estimate": 0.7046070460704608,
        "ci_lower": 0.5923,
        "ci_upper": 0.8144392755077153
    },
    "accuracy": {
        "point_estimate": 0.7414965986394558,
        "ci_lower": 0.6666666666666666,
        "ci_upper": 0.8095238095238095
    },
    "precision": {
        "point_estimate": 0.325,
        "ci_lower": 0.19047619047619047,
        "ci_upper": 0.45714285714285713
    },
    "recall": {
        "point_estimate": 0.5416666666666666,
        "ci_lower": 0.3548387096774194,
        "ci_upper": 0.75
    },
    "f1_score": {
        "point_estimate": 0.40624999999999994,
        "ci_lower": 0.25806451612903225,
        "ci_upper": 0.5384615384615385
    },
    "fairness_metrics": {
        "demographic_parity_difference_gender": 0.03149905123339658,
        "equalized_odds_difference_gender": 0.04528301886792452,
        "demographic_parity_difference_age_binned": 0.5163636363636364,
        "equalized_odds_difference_age_binned": 0.5148809523809523
    }
}