{
    "auc": {
        "point_estimate": 0.8854166666666666,
        "ci_lower": 0.8277864385848501,
        "ci_upper": 0.9359166619196134
    },
    "accuracy": {
        "point_estimate": 0.8157894736842105,
        "ci_lower": 0.756578947368421,
        "ci_upper": 0.875
    },
    "precision": {
        "point_estimate": 0.45,
        "ci_lower": 0.2926829268292683,
        "ci_upper": 0.6097560975609756
    },
    "recall": {
        "point_estimate": 0.75,
        "ci_lower": 0.5554597701149426,
        "ci_upper": 0.92
    },
    "f1_score": {
        "point_estimate": 0.5625000000000001,
        "ci_lower": 0.3928571428571429,
        "ci_upper": 0.698930935007636
    },
    "fairness_metrics": {
        "demographic_parity_difference_gender": 0.13920454545454544,
        "equalized_odds_difference_gender": 0.15115115115115113,
        "demographic_parity_difference_age_binned": 0.5862068965517241,
        "equalized_odds_difference_age_binned": 0.8333333333333334
    }
}