{
    "auc": {
        "point_estimate": 0.7530487804878049,
        "ci_lower": 0.6381199312367277,
        "ci_upper": 0.8594415469285318
    },
    "accuracy": {
        "point_estimate": 0.8027210884353742,
        "ci_lower": 0.7346938775510204,
        "ci_upper": 0.8639455782312925
    },
    "precision": {
        "point_estimate": 0.2222222222222222,
        "ci_lower": 0.0,
        "ci_upper": 0.5454545454545454
    },
    "recall": {
        "point_estimate": 0.08333333333333333,
        "ci_lower": 0.0,
        "ci_upper": 0.2083881578947368
    },
    "f1_score": {
        "point_estimate": 0.12121212121212122,
        "ci_lower": 0.0,
        "ci_upper": 0.2857142857142857
    },
    "fairness_metrics": {
        "demographic_parity_difference_gender": 0.033586337760910814,
        "equalized_odds_difference_gender": 0.13333333333333333,
        "demographic_parity_difference_age_binned": 0.26666666666666666,
        "equalized_odds_difference_age_binned": 0.2857142857142857
    }
}