{
    "auc": {
        "point_estimate": 0.8642578125,
        "ci_lower": 0.7829776782447772,
        "ci_upper": 0.9334696310642622
    },
    "accuracy": {
        "point_estimate": 0.8486842105263158,
        "ci_lower": 0.7894736842105263,
        "ci_upper": 0.9013157894736842
    },
    "precision": {
        "point_estimate": 0.5142857142857142,
        "ci_lower": 0.34375,
        "ci_upper": 0.6666666666666666
    },
    "recall": {
        "point_estimate": 0.75,
        "ci_lower": 0.5769230769230769,
        "ci_upper": 0.9090909090909091
    },
    "f1_score": {
        "point_estimate": 0.6101694915254237,
        "ci_lower": 0.4489795918367347,
        "ci_upper": 0.7368421052631577
    },
    "fairness_metrics": {
        "demographic_parity_difference_gender": 0.11505681818181818,
        "equalized_odds_difference_gender": 0.1226226226226226,
        "demographic_parity_difference_age_binned": 0.5124069478908189,
        "equalized_odds_difference_age_binned": 0.8333333333333334
    }
}