{
  "training": {
    "accuracy": 0.8751020408163265,
    "precision": 0.5763888888888888,
    "recall": 0.8426395939086294,
    "f1_score": 0.6845360824742267,
    "auc": 0.9389184064468981
  },
  "validation": {
    "accuracy": 0.8175182481751825,
    "precision": 0.4444444444444444,
    "recall": 0.5454545454545454,
    "f1_score": 0.4897959183673469,
    "auc": 0.7715415019762846
  },
  "train_validation_combined": {
    "accuracy": 0.869309838472834,
    "precision": 0.5650793650793651,
    "recall": 0.8127853881278538,
    "f1_score": 0.6666666666666666,
    "auc": 0.9220508395354691
  },
  "test": {
    "accuracy": 0.8486842105263158,
    "precision": 0.5555555555555556,
    "recall": 0.20833333333333334,
    "f1_score": 0.30303030303030304,
    "auc": 0.8232421875
  },
  "best_cv_score": 0.4979593912317024,
  "cv_results_summary": {
    "mean_score": 0.468985640304656,
    "std_score": 0.015704003024485016,
    "max_score": 0.4979593912317024,
    "min_score": 0.4340615252991393
  }
}