{
    "auc": {
        "point_estimate": 0.8616536458333334,
        "ci_lower": 0.7969788713587248,
        "ci_upper": 0.9185418146306817
    },
    "accuracy": {
        "point_estimate": 0.8223684210526315,
        "ci_lower": 0.7631578947368421,
        "ci_upper": 0.881578947368421
    },
    "precision": {
        "point_estimate": 0.45714285714285713,
        "ci_lower": 0.2903225806451613,
        "ci_upper": 0.6250892857142857
    },
    "recall": {
        "point_estimate": 0.6666666666666666,
        "ci_lower": 0.47049019607843146,
        "ci_upper": 0.8500462962962962
    },
    "f1_score": {
        "point_estimate": 0.5423728813559322,
        "ci_lower": 0.3636363636363636,
        "ci_upper": 0.6885245901639345
    },
    "fairness_metrics": {
        "demographic_parity_difference_gender": 0.14204545454545456,
        "equalized_odds_difference_gender": 0.19169169169169167,
        "demographic_parity_difference_age_binned": 0.49290060851926976,
        "equalized_odds_difference_age_binned": 1.0
    }
}