{
    "Accuracy": 0.9326530612244898,
    "Precision (Weighted)": 0.9308981351161155,
    "Recall (Weighted)": 0.9326530612244898,
    "F1 Score (Weighted)": 0.9283302754044443,
    "ROC AUC": 0.9634728510271336,
    "Confusion Matrix": [
        [
            1215,
            18
        ],
        [
            81,
            156
        ]
    ],
    "Classification Report": {
        "0": {
            "precision": 0.9375,
            "recall": 0.9854014598540146,
            "f1-score": 0.9608540925266904,
            "support": 1233.0
        },
        "1": {
            "precision": 0.896551724137931,
            "recall": 0.6582278481012658,
            "f1-score": 0.759124087591241,
            "support": 237.0
        },
        "accuracy": 0.9326530612244898,
        "macro avg": {
            "precision": 0.9170258620689655,
            "recall": 0.8218146539776402,
            "f1-score": 0.8599890900589657,
            "support": 1470.0
        },
        "weighted avg": {
            "precision": 0.9308981351161155,
            "recall": 0.9326530612244898,
            "f1-score": 0.9283302754044443,
            "support": 1470.0
        }
    },
    "F1 Score": 0.9283302754044443
}