{
  "training": {
    "accuracy": 0.8739495798319328,
    "precision": 0.8387096774193549,
    "recall": 0.2708333333333333,
    "f1_score": 0.40944881889763773,
    "auc": 0.8354104041416166
  },
  "validation": {
    "accuracy": 0.8421052631578947,
    "precision": 0.5,
    "recall": 0.09523809523809523,
    "f1_score": 0.16,
    "auc": 0.6392431972789117
  },
  "train_validation_combined": {
    "accuracy": 0.8707482993197279,
    "precision": 0.8181818181818182,
    "recall": 0.2535211267605634,
    "f1_score": 0.38709677419354843,
    "auc": 0.8163621367846718
  },
  "test": {
    "accuracy": 0.7891156462585034,
    "precision": 0.3333333333333333,
    "recall": 0.2916666666666667,
    "f1_score": 0.3111111111111111,
    "auc": 0.7044376693766936
  },
  "best_cv_score": 0.4826550732372651,
  "cv_results_summary": {
    "mean_score": 0.41173137855893355,
    "std_score": 0.03493714991443917,
    "max_score": 0.4826550732372651,
    "min_score": 0.29063709537466254
  },
  "smote": {
    "applied": true,
    "before_balance_ratio": 5.211267605633803,
    "after_balance_ratio": 1.0
  }
}