{
    "Accuracy": 0.9612244897959183,
    "Precision (Weighted)": 0.9608974771010766,
    "Recall (Weighted)": 0.9612244897959183,
    "F1 Score (Weighted)": 0.9598695584819071,
    "ROC AUC": 0.9700740193209934,
    "Confusion Matrix": [
        [
            1223,
            10
        ],
        [
            47,
            190
        ]
    ],
    "Classification Report": {
        "0": {
            "precision": 0.962992125984252,
            "recall": 0.991889699918897,
            "f1-score": 0.9772273272073513,
            "support": 1233.0
        },
        "1": {
            "precision": 0.95,
            "recall": 0.8016877637130801,
            "f1-score": 0.8695652173913043,
            "support": 237.0
        },
        "accuracy": 0.9612244897959183,
        "macro avg": {
            "precision": 0.956496062992126,
            "recall": 0.8967887318159886,
            "f1-score": 0.9233962722993279,
            "support": 1470.0
        },
        "weighted avg": {
            "precision": 0.9608974771010766,
            "recall": 0.9612244897959183,
            "f1-score": 0.9598695584819071,
            "support": 1470.0
        }
    },
    "F1 Score": 0.9598695584819071
}