{
  "training": {
    "accuracy": 0.9036734693877551,
    "precision": 0.6479400749063671,
    "recall": 0.8781725888324873,
    "f1_score": 0.7456896551724137,
    "auc": 0.9572379466313773
  },
  "validation": {
    "accuracy": 0.8467153284671532,
    "precision": 0.52,
    "recall": 0.5909090909090909,
    "f1_score": 0.5531914893617023,
    "auc": 0.8027667984189724
  },
  "train_validation_combined": {
    "accuracy": 0.8979441997063142,
    "precision": 0.636986301369863,
    "recall": 0.8493150684931506,
    "f1_score": 0.7279843444227005,
    "auc": 0.9423371165362321
  },
  "test": {
    "accuracy": 0.8552631578947368,
    "precision": 0.55,
    "recall": 0.4583333333333333,
    "f1_score": 0.5,
    "auc": 0.8056640625
  },
  "best_cv_score": 0.5145807350479208,
  "cv_results_summary": {
    "mean_score": 0.4298650501119778,
    "std_score": 0.03530096606412558,
    "max_score": 0.5145807350479208,
    "min_score": 0.35911713707357096
  }
}