{
    "auc": {
        "point_estimate": 0.7376355013550137,
        "ci_lower": 0.6199970472440945,
        "ci_upper": 0.8524125701459034
    },
    "accuracy": {
        "point_estimate": 0.8163265306122449,
        "ci_lower": 0.7551020408163265,
        "ci_upper": 0.8775510204081632
    },
    "precision": {
        "point_estimate": 0.45161290322580644,
        "ci_lower": 0.28125,
        "ci_upper": 0.6296296296296297
    },
    "recall": {
        "point_estimate": 0.5833333333333334,
        "ci_lower": 0.4,
        "ci_upper": 0.8
    },
    "f1_score": {
        "point_estimate": 0.509090909090909,
        "ci_lower": 0.3404255319148936,
        "ci_upper": 0.6666666666666666
    },
    "fairness_metrics": {
        "demographic_parity_difference_gender": 0.08159392789373812,
        "equalized_odds_difference_gender": 0.12183288409703505,
        "demographic_parity_difference_age_binned": 0.4111111111111111,
        "equalized_odds_difference_age_binned": 0.391304347826087
    }
}