{
  "training": {
    "accuracy": 0.8739495798319328,
    "precision": 0.85,
    "recall": 0.265625,
    "f1_score": 0.4047619047619047,
    "auc": 0.8822384352037408
  },
  "validation": {
    "accuracy": 0.849624060150376,
    "precision": 0.6666666666666666,
    "recall": 0.09523809523809523,
    "f1_score": 0.16666666666666666,
    "auc": 0.649234693877551
  },
  "train_validation_combined": {
    "accuracy": 0.871504157218443,
    "precision": 0.8412698412698413,
    "recall": 0.24882629107981222,
    "f1_score": 0.3840579710144928,
    "auc": 0.8602334729095293
  },
  "test": {
    "accuracy": 0.8299319727891157,
    "precision": 0.42857142857142855,
    "recall": 0.125,
    "f1_score": 0.19354838709677416,
    "auc": 0.7195121951219512
  },
  "best_cv_score": 0.46808921160597317,
  "cv_results_summary": {
    "mean_score": 0.42567678507708445,
    "std_score": 0.01723502492679044,
    "max_score": 0.46808921160597317,
    "min_score": 0.38024260533607435
  },
  "smote": {
    "applied": true,
    "before_balance_ratio": 5.211267605633803,
    "after_balance_ratio": 1.0
  }
}