{
  "training": {
    "accuracy": 0.8680672268907563,
    "precision": 0.7611940298507462,
    "recall": 0.265625,
    "f1_score": 0.3938223938223938,
    "auc": 0.8216432865731462
  },
  "validation": {
    "accuracy": 0.8345864661654135,
    "precision": 0.4,
    "recall": 0.09523809523809523,
    "f1_score": 0.15384615384615385,
    "auc": 0.6549744897959183
  },
  "train_validation_combined": {
    "accuracy": 0.8647014361300076,
    "precision": 0.7361111111111112,
    "recall": 0.24882629107981222,
    "f1_score": 0.3719298245614035,
    "auc": 0.8047942308505689
  },
  "test": {
    "accuracy": 0.7959183673469388,
    "precision": 0.35,
    "recall": 0.2916666666666667,
    "f1_score": 0.31818181818181823,
    "auc": 0.7364498644986449
  },
  "best_cv_score": 0.46928280843029135,
  "cv_results_summary": {
    "mean_score": 0.42875869717797116,
    "std_score": 0.017539453223593342,
    "max_score": 0.46928280843029135,
    "min_score": 0.3801530684289305
  },
  "smote": {
    "applied": true,
    "before_balance_ratio": 5.211267605633803,
    "after_balance_ratio": 1.0
  }
}