{
  "training": {
    "accuracy": 0.8798319327731092,
    "precision": 0.8356164383561644,
    "recall": 0.3177083333333333,
    "f1_score": 0.460377358490566,
    "auc": 0.8913973780895124
  },
  "validation": {
    "accuracy": 0.8571428571428571,
    "precision": 0.75,
    "recall": 0.14285714285714285,
    "f1_score": 0.24,
    "auc": 0.677295918367347
  },
  "train_validation_combined": {
    "accuracy": 0.8775510204081632,
    "precision": 0.8311688311688312,
    "recall": 0.3004694835680751,
    "f1_score": 0.4413793103448276,
    "auc": 0.8706974580214015
  },
  "test": {
    "accuracy": 0.8503401360544217,
    "precision": 0.75,
    "recall": 0.125,
    "f1_score": 0.21428571428571427,
    "auc": 0.7251016260162602
  },
  "best_cv_score": 0.49707944637522095,
  "cv_results_summary": {
    "mean_score": 0.434215378546875,
    "std_score": 0.01917779086028835,
    "max_score": 0.49707944637522095,
    "min_score": 0.359531490015361
  },
  "smote": {
    "applied": true,
    "before_balance_ratio": 5.211267605633803,
    "after_balance_ratio": 1.0
  },
  "cross_validation": {
    "folds": {
      "fold_1": {
        "test_f1": 0.4545454545454546,
        "train_f1": 0.7905405405405406
      },
      "fold_2": {
        "test_f1": 0.5625000000000001,
        "train_f1": 0.787878787878788
      },
      "fold_3": {
        "test_f1": 0.5238095238095238,
        "train_f1": 0.8211920529801323
      },
      "fold_4": {
        "test_f1": 0.5070422535211268,
        "train_f1": 0.8
      },
      "fold_5": {
        "test_f1": 0.43749999999999994,
        "train_f1": 0.8496732026143791
      }
    },
    "mean_test_f1": 0.49707944637522095,
    "std_test_f1": 0.045721885993023986,
    "mean_train_f1": 0.8098569168027678,
    "std_train_f1": 0.023096065811090055
  }
}