{
    "auc": {
        "point_estimate": 0.8642578125,
        "ci_lower": 0.7954535879523241,
        "ci_upper": 0.9194202108324245
    },
    "accuracy": {
        "point_estimate": 0.8486842105263158,
        "ci_lower": 0.7894736842105263,
        "ci_upper": 0.9013157894736842
    },
    "precision": {
        "point_estimate": 0.5555555555555556,
        "ci_lower": 0.2,
        "ci_upper": 0.8753472222222219
    },
    "recall": {
        "point_estimate": 0.20833333333333334,
        "ci_lower": 0.043478260869565216,
        "ci_upper": 0.375
    },
    "f1_score": {
        "point_estimate": 0.30303030303030304,
        "ci_lower": 0.07407407407407407,
        "ci_upper": 0.4865194462755439
    },
    "fairness_metrics": {
        "demographic_parity_difference_gender": 0.005681818181818184,
        "equalized_odds_difference_gender": 0.014285714285714263,
        "demographic_parity_difference_age_binned": 0.19047619047619047,
        "equalized_odds_difference_age_binned": 0.3
    }
}