{
  "training": {
    "accuracy": 0.8677551020408163,
    "precision": 0.7692307692307693,
    "recall": 0.25380710659898476,
    "f1_score": 0.38167938931297707,
    "auc": 0.8845276422603645
  },
  "validation": {
    "accuracy": 0.8540145985401459,
    "precision": 0.6666666666666666,
    "recall": 0.18181818181818182,
    "f1_score": 0.28571428571428575,
    "auc": 0.7632411067193676
  },
  "train_validation_combined": {
    "accuracy": 0.8663729809104258,
    "precision": 0.7605633802816901,
    "recall": 0.2465753424657534,
    "f1_score": 0.3724137931034483,
    "auc": 0.8720841972379023
  },
  "test": {
    "accuracy": 0.8552631578947368,
    "precision": 0.55,
    "recall": 0.4583333333333333,
    "f1_score": 0.5,
    "auc": 0.7687174479166667
  },
  "best_cv_score": 0.42809505513203205,
  "cv_results_summary": {
    "mean_score": 0.39541619424400154,
    "std_score": 0.02469208837842507,
    "max_score": 0.42809505513203205,
    "min_score": 0.3508281230263989
  },
  "smote": {
    "applied": true,
    "before_balance_ratio": 5.219178082191781,
    "after_balance_ratio": 1.0
  },
  "cross_validation": {
    "folds": {
      "fold_1": {
        "test_f1": 0.2962962962962963,
        "train_f1": 0.987146529562982
      },
      "fold_2": {
        "test_f1": 0.4375,
        "train_f1": 0.9872122762148339
      },
      "fold_3": {
        "test_f1": 0.5161290322580645,
        "train_f1": 0.9820971867007673
      },
      "fold_4": {
        "test_f1": 0.3,
        "train_f1": 0.9897435897435898
      },
      "fold_5": {
        "test_f1": 0.3870967741935484,
        "train_f1": 0.9897435897435898
      },
      "fold_6": {
        "test_f1": 0.39999999999999997,
        "train_f1": 0.9793814432989691
      },
      "fold_7": {
        "test_f1": 0.4210526315789474,
        "train_f1": 0.9819121447028424
      },
      "fold_8": {
        "test_f1": 0.5555555555555556,
        "train_f1": 0.9846153846153846
      },
      "fold_9": {
        "test_f1": 0.5555555555555556,
        "train_f1": 0.9897959183673469
      },
      "fold_10": {
        "test_f1": 0.4117647058823529,
        "train_f1": 0.9897959183673469
      }
    },
    "mean_test_f1": 0.42809505513203205,
    "std_test_f1": 0.08769065835757278,
    "mean_train_f1": 0.9861443981317652,
    "std_train_f1": 0.003702533206363676
  }
}