{
  "training": {
    "accuracy": 0.8718367346938776,
    "precision": 0.8333333333333334,
    "recall": 0.25380710659898476,
    "f1_score": 0.38910505836575876,
    "auc": 0.8699041063422149
  },
  "validation": {
    "accuracy": 0.8613138686131386,
    "precision": 0.8,
    "recall": 0.18181818181818182,
    "f1_score": 0.2962962962962963,
    "auc": 0.7936758893280633
  },
  "train_validation_combined": {
    "accuracy": 0.8707782672540382,
    "precision": 0.8307692307692308,
    "recall": 0.2465753424657534,
    "f1_score": 0.38028169014084506,
    "auc": 0.861917089130982
  },
  "test": {
    "accuracy": 0.8421052631578947,
    "precision": 0.0,
    "recall": 0.0,
    "f1_score": 0.0,
    "auc": 0.81787109375
  },
  "best_cv_score": 0.423965507412027,
  "cv_results_summary": {
    "mean_score": 0.39762374025902814,
    "std_score": 0.019265534091455417,
    "max_score": 0.423965507412027,
    "min_score": 0.3669285520745476
  },
  "smote": {
    "applied": true,
    "before_balance_ratio": 5.219178082191781,
    "after_balance_ratio": 1.0
  },
  "cross_validation": {
    "folds": {
      "fold_1": {
        "test_f1": 0.3333333333333333,
        "train_f1": 0.8821917808219178
      },
      "fold_2": {
        "test_f1": 0.4864864864864865,
        "train_f1": 0.8907103825136613
      },
      "fold_3": {
        "test_f1": 0.4848484848484849,
        "train_f1": 0.8705234159779615
      },
      "fold_4": {
        "test_f1": 0.3157894736842105,
        "train_f1": 0.8986301369863015
      },
      "fold_5": {
        "test_f1": 0.3870967741935484,
        "train_f1": 0.8753462603878115
      },
      "fold_6": {
        "test_f1": 0.26666666666666666,
        "train_f1": 0.8770949720670391
      },
      "fold_7": {
        "test_f1": 0.39999999999999997,
        "train_f1": 0.8967391304347827
      },
      "fold_8": {
        "test_f1": 0.5789473684210527,
        "train_f1": 0.87292817679558
      },
      "fold_9": {
        "test_f1": 0.5,
        "train_f1": 0.8668555240793201
      },
      "fold_10": {
        "test_f1": 0.4864864864864865,
        "train_f1": 0.8821917808219178
      }
    },
    "mean_test_f1": 0.423965507412027,
    "std_test_f1": 0.0937645580595971,
    "mean_train_f1": 0.8813211560886293,
    "std_train_f1": 0.010377071420817133
  }
}