{
  "training": {
    "accuracy": 0.8938775510204081,
    "precision": 0.8941176470588236,
    "recall": 0.38578680203045684,
    "f1_score": 0.5390070921985816,
    "auc": 0.9100046416085642
  },
  "validation": {
    "accuracy": 0.8686131386861314,
    "precision": 0.8333333333333334,
    "recall": 0.22727272727272727,
    "f1_score": 0.35714285714285715,
    "auc": 0.8086956521739129
  },
  "train_validation_combined": {
    "accuracy": 0.8913362701908958,
    "precision": 0.8901098901098901,
    "recall": 0.3698630136986301,
    "f1_score": 0.5225806451612903,
    "auc": 0.8999648445770764
  },
  "test": {
    "accuracy": 0.8552631578947368,
    "precision": 0.5714285714285714,
    "recall": 0.3333333333333333,
    "f1_score": 0.4210526315789474,
    "auc": 0.82373046875
  },
  "best_cv_score": 0.4689303411607647,
  "cv_results_summary": {
    "mean_score": 0.39806007960149764,
    "std_score": 0.02258406221099182,
    "max_score": 0.4689303411607647,
    "min_score": 0.3120634920634921
  },
  "smote": {
    "applied": true,
    "before_balance_ratio": 5.219178082191781,
    "after_balance_ratio": 1.0
  },
  "cross_validation": {
    "folds": {
      "fold_1": {
        "test_f1": 0.39999999999999997,
        "train_f1": 0.9095890410958903
      },
      "fold_2": {
        "test_f1": 0.5142857142857142,
        "train_f1": 0.9076086956521738
      },
      "fold_3": {
        "test_f1": 0.6,
        "train_f1": 0.9100817438692099
      },
      "fold_4": {
        "test_f1": 0.2926829268292683,
        "train_f1": 0.9209809264305178
      },
      "fold_5": {
        "test_f1": 0.37499999999999994,
        "train_f1": 0.9120879120879121
      },
      "fold_6": {
        "test_f1": 0.4242424242424242,
        "train_f1": 0.8821917808219178
      },
      "fold_7": {
        "test_f1": 0.4285714285714286,
        "train_f1": 0.910569105691057
      },
      "fold_8": {
        "test_f1": 0.6153846153846153,
        "train_f1": 0.907103825136612
      },
      "fold_9": {
        "test_f1": 0.5128205128205129,
        "train_f1": 0.9120879120879121
      },
      "fold_10": {
        "test_f1": 0.5263157894736842,
        "train_f1": 0.8944444444444445
      }
    },
    "mean_test_f1": 0.4689303411607647,
    "std_test_f1": 0.09704017742662989,
    "mean_train_f1": 0.9066745387317647,
    "std_train_f1": 0.01024007104941616
  }
}