{
    "auc": {
        "point_estimate": 0.7044376693766938,
        "ci_lower": 0.5864579537320231,
        "ci_upper": 0.8257908996932107
    },
    "accuracy": {
        "point_estimate": 0.8299319727891157,
        "ci_lower": 0.7687074829931972,
        "ci_upper": 0.8843537414965986
    },
    "precision": {
        "point_estimate": 0.4,
        "ci_lower": 0.0,
        "ci_upper": 1.0
    },
    "recall": {
        "point_estimate": 0.08333333333333333,
        "ci_lower": 0.0,
        "ci_upper": 0.21739130434782608
    },
    "f1_score": {
        "point_estimate": 0.13793103448275862,
        "ci_lower": 0.0,
        "ci_upper": 0.32
    },
    "fairness_metrics": {
        "demographic_parity_difference_gender": 0.024857685009487665,
        "equalized_odds_difference_gender": 0.13333333333333333,
        "demographic_parity_difference_age_binned": 0.16666666666666666,
        "equalized_odds_difference_age_binned": 0.2857142857142857
    }
}