{
  "training": {
    "accuracy": 0.8644897959183674,
    "precision": 0.5607843137254902,
    "recall": 0.7258883248730964,
    "f1_score": 0.6327433628318584,
    "auc": 0.8880360070315432
  },
  "validation": {
    "accuracy": 0.8248175182481752,
    "precision": 0.46153846153846156,
    "recall": 0.5454545454545454,
    "f1_score": 0.4999999999999999,
    "auc": 0.8134387351778657
  },
  "train_validation_combined": {
    "accuracy": 0.8604992657856094,
    "precision": 0.5516014234875445,
    "recall": 0.7077625570776256,
    "f1_score": 0.62,
    "auc": 0.8804296152478657
  },
  "test": {
    "accuracy": 0.8421052631578947,
    "precision": 0.5,
    "recall": 0.6666666666666666,
    "f1_score": 0.5714285714285715,
    "auc": 0.7864583333333333
  },
  "best_cv_score": 0.5158728309590378,
  "cv_results_summary": {
    "mean_score": 0.4848753971650421,
    "std_score": 0.018771419351305243,
    "max_score": 0.5158728309590378,
    "min_score": 0.42558898221487446
  }
}