{
  "training": {
    "accuracy": 0.8595918367346939,
    "precision": 0.6436781609195402,
    "recall": 0.28426395939086296,
    "f1_score": 0.39436619718309857,
    "auc": 0.7617891919650793
  },
  "validation": {
    "accuracy": 0.8540145985401459,
    "precision": 0.6666666666666666,
    "recall": 0.18181818181818182,
    "f1_score": 0.28571428571428575,
    "auc": 0.7162055335968379
  },
  "train_validation_combined": {
    "accuracy": 0.8590308370044053,
    "precision": 0.6451612903225806,
    "recall": 0.273972602739726,
    "f1_score": 0.3846153846153846,
    "auc": 0.7573037388591266
  },
  "test": {
    "accuracy": 0.8092105263157895,
    "precision": 0.41935483870967744,
    "recall": 0.5416666666666666,
    "f1_score": 0.4727272727272728,
    "auc": 0.7776692708333333
  },
  "best_cv_score": 0.45057440273235605,
  "cv_results_summary": {
    "mean_score": 0.39657010842815404,
    "std_score": 0.02471266669474735,
    "max_score": 0.45057440273235605,
    "min_score": 0.3604176358083477
  },
  "smote": {
    "applied": true,
    "before_balance_ratio": 5.219178082191781,
    "after_balance_ratio": 1.0
  },
  "cross_validation": {
    "folds": {
      "fold_1": {
        "test_f1": 0.3870967741935484,
        "train_f1": 0.9767441860465116
      },
      "fold_2": {
        "test_f1": 0.5142857142857142,
        "train_f1": 0.9820051413881749
      },
      "fold_3": {
        "test_f1": 0.5454545454545454,
        "train_f1": 0.9846938775510204
      },
      "fold_4": {
        "test_f1": 0.3,
        "train_f1": 0.9766233766233766
      },
      "fold_5": {
        "test_f1": 0.27586206896551724,
        "train_f1": 0.9845360824742267
      },
      "fold_6": {
        "test_f1": 0.3448275862068965,
        "train_f1": 0.9793814432989691
      },
      "fold_7": {
        "test_f1": 0.4444444444444444,
        "train_f1": 0.9794871794871794
      },
      "fold_8": {
        "test_f1": 0.5641025641025642,
        "train_f1": 0.9897435897435898
      },
      "fold_9": {
        "test_f1": 0.6153846153846153,
        "train_f1": 0.9846153846153846
      },
      "fold_10": {
        "test_f1": 0.5142857142857142,
        "train_f1": 0.9820051413881749
      }
    },
    "mean_test_f1": 0.45057440273235605,
    "std_test_f1": 0.11207942665293963,
    "mean_train_f1": 0.9819835402616608,
    "std_train_f1": 0.0038754640804834683
  }
}