{
  "training": {
    "accuracy": 0.8487394957983193,
    "precision": 0.5212765957446809,
    "recall": 0.765625,
    "f1_score": 0.620253164556962,
    "auc": 0.8803779433867736
  },
  "validation": {
    "accuracy": 0.7894736842105263,
    "precision": 0.37037037037037035,
    "recall": 0.47619047619047616,
    "f1_score": 0.4166666666666667,
    "auc": 0.6743197278911564
  },
  "train_validation_combined": {
    "accuracy": 0.8427815570672713,
    "precision": 0.5080906148867314,
    "recall": 0.7370892018779343,
    "f1_score": 0.6015325670498084,
    "auc": 0.8614389036924248
  },
  "test": {
    "accuracy": 0.6870748299319728,
    "precision": 0.2708333333333333,
    "recall": 0.5416666666666666,
    "f1_score": 0.36111111111111105,
    "auc": 0.698509485094851
  },
  "best_cv_score": 0.5647273868968513,
  "cv_results_summary": {
    "mean_score": 0.4945173643242002,
    "std_score": 0.037926107634870546,
    "max_score": 0.5647273868968513,
    "min_score": 0.3264069982129281
  }
}