{
    "metric_frame_results": {
        "Gender": {
            "overall": {
                "accuracy": 0.8163265306122449,
                "precision": 0.45161290322580644,
                "recall": 0.5833333333333334,
                "f1_score": 0.509090909090909
            },
            "by_group": {
                "Female": {
                    "accuracy": 0.7580645161290323,
                    "precision": 0.3125,
                    "recall": 0.5555555555555556,
                    "f1_score": 0.39999999999999997
                },
                "Male": {
                    "accuracy": 0.8588235294117647,
                    "precision": 0.6,
                    "recall": 0.6,
                    "f1_score": 0.6
                }
            },
            "label_based_disparities": {
                "accuracy": 0.1007590132827324,
                "precision": 0.2875,
                "recall": 0.0444444444444444,
                "f1_score": 0.2
            },
            "label_based_ratios": {
                "accuracy": 0.8826778612461335,
                "precision": 0.5208333333333334,
                "recall": 0.925925925925926,
                "f1_score": 0.6666666666666666
            },
            "demographic_parity_difference": 0.08159392789373812,
            "equalized_odds_difference": 0.12183288409703505,
            "overall_auc": 0.7376355013550137,
            "auc_by_group": {
                "Male": 0.7780952380952381,
                "Female": 0.6834381551362684
            },
            "auc_difference": 0.09465708295896968,
            "auc_ratio": 0.8783476901996106
        },
        "Age_Group": {
            "overall": {
                "accuracy": 0.8163265306122449,
                "precision": 0.45161290322580644,
                "recall": 0.5833333333333334,
                "f1_score": 0.509090909090909
            },
            "by_group": {
                "30-39": {
                    "accuracy": 0.8448275862068966,
                    "precision": 0.4,
                    "recall": 0.5714285714285714,
                    "f1_score": 0.47058823529411764
                },
                "40-49": {
                    "accuracy": 0.8780487804878049,
                    "precision": 0.6666666666666666,
                    "recall": 0.5714285714285714,
                    "f1_score": 0.6153846153846153
                },
                "50+": {
                    "accuracy": 0.8888888888888888,
                    "precision": 1.0,
                    "recall": 0.3333333333333333,
                    "f1_score": 0.5
                },
                "<30": {
                    "accuracy": 0.6333333333333333,
                    "precision": 0.35714285714285715,
                    "recall": 0.7142857142857143,
                    "f1_score": 0.4761904761904762
                }
            },
            "label_based_disparities": {
                "accuracy": 0.25555555555555554,
                "precision": 0.6428571428571428,
                "recall": 0.380952380952381,
                "f1_score": 0.14479638009049767
            },
            "label_based_ratios": {
                "accuracy": 0.7125,
                "precision": 0.35714285714285715,
                "recall": 0.4666666666666666,
                "f1_score": 0.7647058823529412
            },
            "demographic_parity_difference": 0.4111111111111111,
            "equalized_odds_difference": 0.391304347826087,
            "overall_auc": 0.7376355013550137,
            "auc_by_group": {
                "<30": 0.7142857142857143,
                "40-49": 0.8088235294117647,
                "30-39": 0.7815126050420168,
                "50+": 0.6
            },
            "auc_difference": 0.20882352941176474,
            "auc_ratio": 0.7418181818181818
        }
    },
    "fairness_metrics": {
        "demographic_parity_difference_Gender": 0.08159392789373812,
        "equalized_odds_difference_Gender": 0.12183288409703505,
        "auc_difference_Gender": 0.09465708295896968,
        "auc_ratio_Gender": 0.8783476901996106,
        "demographic_parity_difference_Age_Group": 0.4111111111111111,
        "equalized_odds_difference_Age_Group": 0.391304347826087,
        "auc_difference_Age_Group": 0.20882352941176474,
        "auc_ratio_Age_Group": 0.7418181818181818
    }
}