{
  "training": {
    "accuracy": 0.8554621848739495,
    "precision": 0.6388888888888888,
    "recall": 0.23958333333333334,
    "f1_score": 0.34848484848484845,
    "auc": 0.7883344814629258
  },
  "validation": {
    "accuracy": 0.8270676691729323,
    "precision": 0.3333333333333333,
    "recall": 0.09523809523809523,
    "f1_score": 0.14814814814814814,
    "auc": 0.6398809523809523
  },
  "train_validation_combined": {
    "accuracy": 0.8526077097505669,
    "precision": 0.6153846153846154,
    "recall": 0.22535211267605634,
    "f1_score": 0.3298969072164949,
    "auc": 0.7740959269128282
  },
  "test": {
    "accuracy": 0.8367346938775511,
    "precision": 0.0,
    "recall": 0.0,
    "f1_score": 0.0,
    "auc": 0.7223915989159893
  },
  "best_cv_score": 0.48835814244462733,
  "cv_results_summary": {
    "mean_score": 0.4263109826887073,
    "std_score": 0.020303087177162067,
    "max_score": 0.48835814244462733,
    "min_score": 0.3820379403344135
  },
  "smote": {
    "applied": true,
    "before_balance_ratio": 5.211267605633803,
    "after_balance_ratio": 1.0
  },
  "cross_validation": {
    "folds": {
      "fold_1": {
        "test_f1": 0.39999999999999997,
        "train_f1": 0.7430340557275543
      },
      "fold_2": {
        "test_f1": 0.41379310344827586,
        "train_f1": 0.7734138972809668
      },
      "fold_3": {
        "test_f1": 0.4848484848484849,
        "train_f1": 0.7289719626168225
      },
      "fold_4": {
        "test_f1": 0.6875000000000001,
        "train_f1": 0.7272727272727273
      },
      "fold_5": {
        "test_f1": 0.6,
        "train_f1": 0.7368421052631577
      },
      "fold_6": {
        "test_f1": 0.5142857142857143,
        "train_f1": 0.7416413373860182
      },
      "fold_7": {
        "test_f1": 0.611111111111111,
        "train_f1": 0.7728613569321534
      },
      "fold_8": {
        "test_f1": 0.33333333333333326,
        "train_f1": 0.7507692307692306
      },
      "fold_9": {
        "test_f1": 0.45161290322580644,
        "train_f1": 0.7530864197530863
      },
      "fold_10": {
        "test_f1": 0.3870967741935483,
        "train_f1": 0.7469879518072288
      }
    },
    "mean_test_f1": 0.48835814244462733,
    "std_test_f1": 0.10811017847806226,
    "mean_train_f1": 0.7474881044808945,
    "std_train_f1": 0.015090312352212174
  }
}