{
  "training": {
    "accuracy": 0.8155102040816327,
    "precision": 0.4448669201520912,
    "recall": 0.5939086294416244,
    "f1_score": 0.508695652173913,
    "auc": 0.8236312192616879
  },
  "validation": {
    "accuracy": 0.8102189781021898,
    "precision": 0.43333333333333335,
    "recall": 0.5909090909090909,
    "f1_score": 0.5,
    "auc": 0.7806324110671937
  },
  "train_validation_combined": {
    "accuracy": 0.8149779735682819,
    "precision": 0.44368600682593856,
    "recall": 0.593607305936073,
    "f1_score": 0.5078124999999999,
    "auc": 0.8193690400572075
  },
  "test": {
    "accuracy": 0.8026315789473685,
    "precision": 0.2,
    "recall": 0.08333333333333333,
    "f1_score": 0.11764705882352941,
    "auc": 0.7345377604166665
  },
  "best_cv_score": 0.5013332686801222,
  "cv_results_summary": {
    "mean_score": 0.4461826209559894,
    "std_score": 0.04317975845488098,
    "max_score": 0.5013332686801222,
    "min_score": 0.30577915376676984
  }
}