{
  "training": {
    "accuracy": 0.8677551020408163,
    "precision": 0.5641025641025641,
    "recall": 0.7817258883248731,
    "f1_score": 0.6553191489361702,
    "auc": 0.9131574789152462
  },
  "validation": {
    "accuracy": 0.8394160583941606,
    "precision": 0.5,
    "recall": 0.5909090909090909,
    "f1_score": 0.5416666666666667,
    "auc": 0.7577075098814229
  },
  "train_validation_combined": {
    "accuracy": 0.8649045521292217,
    "precision": 0.5585284280936454,
    "recall": 0.7625570776255708,
    "f1_score": 0.6447876447876447,
    "auc": 0.8983568834717577
  },
  "test": {
    "accuracy": 0.8552631578947368,
    "precision": 0.6666666666666666,
    "recall": 0.16666666666666666,
    "f1_score": 0.26666666666666666,
    "auc": 0.830078125
  },
  "best_cv_score": 0.5148306538077707,
  "cv_results_summary": {
    "mean_score": 0.47765538844352695,
    "std_score": 0.01956600673274699,
    "max_score": 0.5148306538077707,
    "min_score": 0.42302462915030714
  }
}