{
  "training": {
    "accuracy": 0.9218487394957983,
    "precision": 0.6774193548387096,
    "recall": 0.984375,
    "f1_score": 0.8025477707006369,
    "auc": 0.9828093687374749
  },
  "validation": {
    "accuracy": 0.7443609022556391,
    "precision": 0.27586206896551724,
    "recall": 0.38095238095238093,
    "f1_score": 0.32,
    "auc": 0.6279761904761904
  },
  "train_validation_combined": {
    "accuracy": 0.9040060468631897,
    "precision": 0.6396103896103896,
    "recall": 0.9248826291079812,
    "f1_score": 0.7562380038387716,
    "auc": 0.9517954574292603
  },
  "test": {
    "accuracy": 0.8503401360544217,
    "precision": 0.6666666666666666,
    "recall": 0.16666666666666666,
    "f1_score": 0.26666666666666666,
    "auc": 0.709349593495935
  },
  "best_cv_score": 0.5430809314443902,
  "cv_results_summary": {
    "mean_score": 0.5073935745556841,
    "std_score": 0.021604846812584025,
    "max_score": 0.5430809314443902,
    "min_score": 0.4662945786569642
  }
}