{
    "auc": {
        "point_estimate": 0.75830078125,
        "ci_lower": 0.6316875444207534,
        "ci_upper": 0.8607349023692876
    },
    "accuracy": {
        "point_estimate": 0.8355263157894737,
        "ci_lower": 0.7697368421052632,
        "ci_upper": 0.8881578947368421
    },
    "precision": {
        "point_estimate": 0.42857142857142855,
        "ci_lower": 0.0,
        "ci_upper": 0.8
    },
    "recall": {
        "point_estimate": 0.125,
        "ci_lower": 0.0,
        "ci_upper": 0.2608695652173913
    },
    "f1_score": {
        "point_estimate": 0.19354838709677416,
        "ci_lower": 0.0,
        "ci_upper": 0.37037037037037035
    },
    "fairness_metrics": {
        "demographic_parity_difference_gender": 0.05539772727272727,
        "equalized_odds_difference_gender": 0.07407407407407407,
        "demographic_parity_difference_age_binned": 0.19047619047619047,
        "equalized_odds_difference_age_binned": 0.3333333333333333
    }
}