{
    "Accuracy": 0.9,
    "Precision (Weighted)": 0.8947669547579151,
    "Recall (Weighted)": 0.9,
    "F1 Score (Weighted)": 0.8884284029823779,
    "ROC AUC": 0.9125182652855203,
    "Confusion Matrix": [
        [
            1210,
            23
        ],
        [
            124,
            113
        ]
    ],
    "Classification Report": {
        "0": {
            "precision": 0.9070464767616192,
            "recall": 0.981346309813463,
            "f1-score": 0.9427347097779509,
            "support": 1233.0
        },
        "1": {
            "precision": 0.8308823529411765,
            "recall": 0.4767932489451477,
            "f1-score": 0.6058981233243967,
            "support": 237.0
        },
        "accuracy": 0.9,
        "macro avg": {
            "precision": 0.8689644148513979,
            "recall": 0.7290697793793054,
            "f1-score": 0.7743164165511738,
            "support": 1470.0
        },
        "weighted avg": {
            "precision": 0.8947669547579151,
            "recall": 0.9,
            "f1-score": 0.8884284029823779,
            "support": 1470.0
        }
    },
    "F1 Score": 0.8884284029823779
}