{
  "training": {
    "accuracy": 0.8554621848739495,
    "precision": 0.6388888888888888,
    "recall": 0.23958333333333334,
    "f1_score": 0.34848484848484845,
    "auc": 0.7883344814629258
  },
  "validation": {
    "accuracy": 0.8270676691729323,
    "precision": 0.3333333333333333,
    "recall": 0.09523809523809523,
    "f1_score": 0.14814814814814814,
    "auc": 0.6398809523809523
  },
  "train_validation_combined": {
    "accuracy": 0.8526077097505669,
    "precision": 0.6153846153846154,
    "recall": 0.22535211267605634,
    "f1_score": 0.3298969072164949,
    "auc": 0.7740959269128282
  },
  "test": {
    "accuracy": 0.8367346938775511,
    "precision": 0.0,
    "recall": 0.0,
    "f1_score": 0.0,
    "auc": 0.7223915989159893
  },
  "best_cv_score": 0.5042095577061338,
  "cv_results_summary": {
    "mean_score": 0.4345137238637627,
    "std_score": 0.019294291399249645,
    "max_score": 0.5042095577061338,
    "min_score": 0.38400038093827216
  },
  "smote": {
    "applied": true,
    "before_balance_ratio": 5.211267605633803,
    "after_balance_ratio": 1.0
  },
  "cross_validation": {
    "folds": {
      "fold_1": {
        "test_f1": 0.44444444444444453,
        "train_f1": 0.7342657342657343
      },
      "fold_2": {
        "test_f1": 0.6060606060606061,
        "train_f1": 0.7067137809187278
      },
      "fold_3": {
        "test_f1": 0.5316455696202531,
        "train_f1": 0.7272727272727274
      },
      "fold_4": {
        "test_f1": 0.5454545454545454,
        "train_f1": 0.7368421052631579
      },
      "fold_5": {
        "test_f1": 0.39344262295081966,
        "train_f1": 0.7576791808873721
      }
    },
    "mean_test_f1": 0.5042095577061338,
    "std_test_f1": 0.07572146645871822,
    "mean_train_f1": 0.732554705721544,
    "std_train_f1": 0.01642072688321281
  }
}