{
  "training": {
    "accuracy": 0.8747899159663866,
    "precision": 0.864406779661017,
    "recall": 0.265625,
    "f1_score": 0.4063745019920319,
    "auc": 0.8616843061122245
  },
  "validation": {
    "accuracy": 0.8421052631578947,
    "precision": 0.5,
    "recall": 0.09523809523809523,
    "f1_score": 0.16,
    "auc": 0.6337159863945578
  },
  "train_validation_combined": {
    "accuracy": 0.871504157218443,
    "precision": 0.8412698412698413,
    "recall": 0.24882629107981222,
    "f1_score": 0.3840579710144928,
    "auc": 0.8400266463646744
  },
  "test": {
    "accuracy": 0.8367346938775511,
    "precision": 0.0,
    "recall": 0.0,
    "f1_score": 0.0,
    "auc": 0.698340108401084
  },
  "best_cv_score": 0.4693041613718821,
  "cv_results_summary": {
    "mean_score": 0.41372891581713805,
    "std_score": 0.032354609172334924,
    "max_score": 0.4693041613718821,
    "min_score": 0.29063709537466254
  },
  "smote": {
    "applied": true,
    "before_balance_ratio": 5.211267605633803,
    "after_balance_ratio": 1.0
  }
}