{
  "training": {
    "accuracy": 0.8554621848739495,
    "precision": 0.6388888888888888,
    "recall": 0.23958333333333334,
    "f1_score": 0.34848484848484845,
    "auc": 0.7883344814629258
  },
  "validation": {
    "accuracy": 0.8270676691729323,
    "precision": 0.3333333333333333,
    "recall": 0.09523809523809523,
    "f1_score": 0.14814814814814814,
    "auc": 0.6398809523809523
  },
  "train_validation_combined": {
    "accuracy": 0.8526077097505669,
    "precision": 0.6153846153846154,
    "recall": 0.22535211267605634,
    "f1_score": 0.3298969072164949,
    "auc": 0.7740959269128282
  },
  "test": {
    "accuracy": 0.8367346938775511,
    "precision": 0.0,
    "recall": 0.0,
    "f1_score": 0.0,
    "auc": 0.7223915989159893
  },
  "best_cv_score": 0.49722112663104,
  "cv_results_summary": {
    "mean_score": 0.4271038490129401,
    "std_score": 0.021287359699347363,
    "max_score": 0.49722112663104,
    "min_score": 0.3791446447962675
  },
  "smote": {
    "applied": true,
    "before_balance_ratio": 5.211267605633803,
    "after_balance_ratio": 1.0
  },
  "cross_validation": {
    "folds": {
      "fold_1": {
        "test_f1": 0.39999999999999997,
        "train_f1": 0.7554179566563467
      },
      "fold_2": {
        "test_f1": 0.4666666666666667,
        "train_f1": 0.7584097859327218
      },
      "fold_3": {
        "test_f1": 0.4848484848484849,
        "train_f1": 0.7306501547987616
      },
      "fold_4": {
        "test_f1": 0.6666666666666667,
        "train_f1": 0.7272727272727273
      },
      "fold_5": {
        "test_f1": 0.5853658536585366,
        "train_f1": 0.7345679012345679
      },
      "fold_6": {
        "test_f1": 0.5142857142857143,
        "train_f1": 0.7423312883435583
      },
      "fold_7": {
        "test_f1": 0.6285714285714286,
        "train_f1": 0.7761194029850748
      },
      "fold_8": {
        "test_f1": 0.3870967741935483,
        "train_f1": 0.7446153846153847
      },
      "fold_9": {
        "test_f1": 0.45161290322580644,
        "train_f1": 0.7607361963190185
      },
      "fold_10": {
        "test_f1": 0.3870967741935483,
        "train_f1": 0.7461773700305809
      }
    },
    "mean_test_f1": 0.49722112663104,
    "std_test_f1": 0.09534088666774107,
    "mean_train_f1": 0.7476298168188742,
    "std_train_f1": 0.014397572791173286
  }
}