{
    "auc": {
        "point_estimate": 0.7135840108401085,
        "ci_lower": 0.6069729280601129,
        "ci_upper": 0.817926598300074
    },
    "accuracy": {
        "point_estimate": 0.7891156462585034,
        "ci_lower": 0.7210884353741497,
        "ci_upper": 0.8503401360544217
    },
    "precision": {
        "point_estimate": 0.29411764705882354,
        "ci_lower": 0.09071969696969714,
        "ci_upper": 0.526393188854489
    },
    "recall": {
        "point_estimate": 0.20833333333333334,
        "ci_lower": 0.05555555555555555,
        "ci_upper": 0.391304347826087
    },
    "f1_score": {
        "point_estimate": 0.24390243902439027,
        "ci_lower": 0.0666129032258065,
        "ci_upper": 0.4
    },
    "fairness_metrics": {
        "demographic_parity_difference_gender": 0.05104364326375713,
        "equalized_odds_difference_gender": 0.15555555555555556,
        "demographic_parity_difference_age_binned": 0.43333333333333335,
        "equalized_odds_difference_age_binned": 0.5714285714285714
    }
}