{
  "training": {
    "accuracy": 0.8411764705882353,
    "precision": 0.5044776119402985,
    "recall": 0.8802083333333334,
    "f1_score": 0.6413662239089183,
    "auc": 0.9294213426853707
  },
  "validation": {
    "accuracy": 0.7518796992481203,
    "precision": 0.3125,
    "recall": 0.47619047619047616,
    "f1_score": 0.37735849056603776,
    "auc": 0.6853741496598639
  },
  "train_validation_combined": {
    "accuracy": 0.8321995464852607,
    "precision": 0.4877384196185286,
    "recall": 0.8403755868544601,
    "f1_score": 0.6172413793103448,
    "auc": 0.9054286681047244
  },
  "test": {
    "accuracy": 0.7687074829931972,
    "precision": 0.3076923076923077,
    "recall": 0.3333333333333333,
    "f1_score": 0.32,
    "auc": 0.7027439024390244
  },
  "best_cv_score": 0.5455916363587539,
  "cv_results_summary": {
    "mean_score": 0.4783855794125649,
    "std_score": 0.028980074811965663,
    "max_score": 0.5455916363587539,
    "min_score": 0.39975222367568
  }
}