{
  "training": {
    "accuracy": 0.8941176470588236,
    "precision": 0.6213235294117647,
    "recall": 0.8802083333333334,
    "f1_score": 0.728448275862069,
    "auc": 0.9524830911823647
  },
  "validation": {
    "accuracy": 0.7593984962406015,
    "precision": 0.2608695652173913,
    "recall": 0.2857142857142857,
    "f1_score": 0.2727272727272727,
    "auc": 0.6381802721088435
  },
  "train_validation_combined": {
    "accuracy": 0.8805744520030234,
    "precision": 0.5932203389830508,
    "recall": 0.8215962441314554,
    "f1_score": 0.6889763779527559,
    "auc": 0.9234826375671445
  },
  "test": {
    "accuracy": 0.7959183673469388,
    "precision": 0.3333333333333333,
    "recall": 0.25,
    "f1_score": 0.28571428571428575,
    "auc": 0.7293360433604336
  },
  "best_cv_score": 0.8110846727125797,
  "cv_results_summary": {
    "mean_score": 0.7885977123302703,
    "std_score": 0.009236485146254126,
    "max_score": 0.8110846727125797,
    "min_score": 0.7663439186695
  }
}